{
    "uniqueID": "egg_box",
    "displayName": "&fegg box",
    "description": [],
    "instantEat": false,
    "foodMaterial": "APPLE",
    "headTexture": "",
    "customModelData": 30127,
    "permission": "",
    "price": 0.0,
    "saturation": 0.5508888,
    "hunger": 0.925,
    "health": 0.0,
    "commands": [],
    "recipe": {
        "shape": [
            "xxx",
            "xxx",
            "xxx"
        ],
        "materials": {
            "x": "AIR"
        },
        "craft_amount": 1
    }
}