{
    "uniqueID": "red_grape",
    "displayName": "&fred grape",
    "description": [],
    "instantEat": false,
    "foodMaterial": "APPLE",
    "headTexture": "",
    "customModelData": 30289,
    "permission": "",
    "price": 0.0,
    "saturation": 0.74389195,
    "hunger": 0.8175,
    "health": 0.0,
    "commands": [],
    "recipe": {
        "shape": [
            "xxx",
            "xxx",
            "xxx"
        ],
        "materials": {
            "x": "AIR"
        },
        "craft_amount": 1
    }
}