{
    "uniqueID": "green_apple_p",
    "displayName": "&fgreen apple p",
    "description": [],
    "instantEat": false,
    "foodMaterial": "APPLE",
    "headTexture": "",
    "customModelData": 30154,
    "permission": "",
    "price": 0.0,
    "saturation": 1.2277877,
    "hunger": 1.71,
    "health": 0.0,
    "commands": [],
    "recipe": {
        "shape": [
            "xxx",
            "xxx",
            "xxx"
        ],
        "materials": {
            "x": "AIR"
        },
        "craft_amount": 1
    }
}