{
    "uniqueID": "white_cheese",
    "displayName": "&fwhite cheese",
    "description": [],
    "instantEat": false,
    "foodMaterial": "APPLE",
    "headTexture": "",
    "customModelData": 30366,
    "permission": "",
    "price": 0.0,
    "saturation": 0.73350793,
    "hunger": 1.095,
    "health": 0.0,
    "commands": [],
    "recipe": {
        "shape": [
            "xxx",
            "xxx",
            "xxx"
        ],
        "materials": {
            "x": "AIR"
        },
        "craft_amount": 1
    }
}