{
    "uniqueID": "sausage_p",
    "displayName": "&fsausage p",
    "description": [],
    "instantEat": false,
    "foodMaterial": "APPLE",
    "headTexture": "",
    "customModelData": 30306,
    "permission": "",
    "price": 0.0,
    "saturation": 0.9976897,
    "hunger": 1.1,
    "health": 0.0,
    "commands": [],
    "recipe": {
        "shape": [
            "xxx",
            "xxx",
            "xxx"
        ],
        "materials": {
            "x": "AIR"
        },
        "craft_amount": 1
    }
}