{
    "uniqueID": "bell_pepper_p",
    "displayName": "&fbell pepper p",
    "description": [],
    "instantEat": false,
    "foodMaterial": "APPLE",
    "headTexture": "",
    "customModelData": 30030,
    "permission": "",
    "price": 0.0,
    "saturation": 0.9386186,
    "hunger": 1.025,
    "health": 0.0,
    "commands": [],
    "recipe": {
        "shape": [
            "xxx",
            "xxx",
            "xxx"
        ],
        "materials": {
            "x": "AIR"
        },
        "craft_amount": 1
    }
}