{
    "uniqueID": "green_grape_p",
    "displayName": "&fgreen grape p",
    "description": [],
    "instantEat": false,
    "foodMaterial": "APPLE",
    "headTexture": "",
    "customModelData": 30158,
    "permission": "",
    "price": 0.0,
    "saturation": 0.709174,
    "hunger": 0.9325,
    "health": 0.0,
    "commands": [],
    "recipe": {
        "shape": [
            "xxx",
            "xxx",
            "xxx"
        ],
        "materials": {
            "x": "AIR"
        },
        "craft_amount": 1
    }
}