{
    "uniqueID": "energy_bar",
    "displayName": "&fenergy bar",
    "description": [],
    "instantEat": false,
    "foodMaterial": "APPLE",
    "headTexture": "",
    "customModelData": 30132,
    "permission": "",
    "price": 0.0,
    "saturation": 0.59423494,
    "hunger": 0.82,
    "health": 0.0,
    "commands": [],
    "recipe": {
        "shape": [
            "xxx",
            "xxx",
            "xxx"
        ],
        "materials": {
            "x": "AIR"
        },
        "craft_amount": 1
    }
}