{
    "uniqueID": "chips",
    "displayName": "&fchips",
    "description": [],
    "instantEat": false,
    "foodMaterial": "APPLE",
    "headTexture": "",
    "customModelData": 30081,
    "permission": "",
    "price": 0.0,
    "saturation": 1.0573127,
    "hunger": 0.8775,
    "health": 0.0,
    "commands": [],
    "recipe": {
        "shape": [
            "xxx",
            "xxx",
            "xxx"
        ],
        "materials": {
            "x": "AIR"
        },
        "craft_amount": 1
    }
}