{
    "uniqueID": "mustard",
    "displayName": "&fmustard",
    "description": [],
    "instantEat": false,
    "foodMaterial": "APPLE",
    "headTexture": "",
    "customModelData": 30222,
    "permission": "",
    "price": 0.0,
    "saturation": 0.9087268,
    "hunger": 0.97,
    "health": 0.0,
    "commands": [],
    "recipe": {
        "shape": [
            "xxx",
            "xxx",
            "xxx"
        ],
        "materials": {
            "x": "AIR"
        },
        "craft_amount": 1
    }
}