{
    "uniqueID": "cabbage_p",
    "displayName": "&fcabbage p",
    "description": [],
    "instantEat": false,
    "foodMaterial": "APPLE",
    "headTexture": "",
    "customModelData": 30046,
    "permission": "",
    "price": 0.0,
    "saturation": 1.0057839,
    "hunger": 1.0625,
    "health": 0.0,
    "commands": [],
    "recipe": {
        "shape": [
            "xxx",
            "xxx",
            "xxx"
        ],
        "materials": {
            "x": "AIR"
        },
        "craft_amount": 1
    }
}