{
    "uniqueID": "Cake2",
    "displayName": "&fCake2",
    "description": [],
    "instantEat": false,
    "foodMaterial": "APPLE",
    "headTexture": "",
    "customModelData": 30048,
    "permission": "",
    "price": 0.0,
    "saturation": 1.4816804,
    "hunger": 1.66,
    "health": 0.0,
    "commands": [],
    "recipe": {
        "shape": [
            "xxx",
            "xxx",
            "xxx"
        ],
        "materials": {
            "x": "AIR"
        },
        "craft_amount": 1
    }
}