{
    "uniqueID": "strawberry_jam",
    "displayName": "&fstrawberry jam",
    "description": [],
    "instantEat": false,
    "foodMaterial": "APPLE",
    "headTexture": "",
    "customModelData": 30326,
    "permission": "",
    "price": 0.0,
    "saturation": 0.9663783,
    "hunger": 1.04,
    "health": 0.0,
    "commands": [],
    "recipe": {
        "shape": [
            "xxx",
            "xxx",
            "xxx"
        ],
        "materials": {
            "x": "AIR"
        },
        "craft_amount": 1
    }
}