{
    "uniqueID": "mermelada",
    "displayName": "&fmermelada",
    "description": [],
    "instantEat": false,
    "foodMaterial": "APPLE",
    "headTexture": "",
    "customModelData": 30208,
    "permission": "",
    "price": 0.0,
    "saturation": 1.7582598,
    "hunger": 1.46,
    "health": 0.0,
    "commands": [],
    "recipe": {
        "shape": [
            "xxx",
            "xxx",
            "xxx"
        ],
        "materials": {
            "x": "AIR"
        },
        "craft_amount": 1
    }
}