{
    "uniqueID": "fruit_cocktail_can",
    "displayName": "&ffruit cocktail can",
    "description": [],
    "instantEat": false,
    "foodMaterial": "APPLE",
    "headTexture": "",
    "customModelData": 30145,
    "permission": "",
    "price": 0.0,
    "saturation": 1.2822069,
    "hunger": 1.33,
    "health": 0.0,
    "commands": [],
    "recipe": {
        "shape": [
            "xxx",
            "xxx",
            "xxx"
        ],
        "materials": {
            "x": "AIR"
        },
        "craft_amount": 1
    }
}