{
    "uniqueID": "water",
    "displayName": "&fwater",
    "description": [],
    "instantEat": false,
    "foodMaterial": "APPLE",
    "headTexture": "",
    "customModelData": 30359,
    "permission": "",
    "price": 0.0,
    "saturation": 0.48091176,
    "hunger": 0.6,
    "health": 0.0,
    "commands": [],
    "recipe": {
        "shape": [
            "xxx",
            "xxx",
            "xxx"
        ],
        "materials": {
            "x": "AIR"
        },
        "craft_amount": 1
    }
}