{
    "uniqueID": "cookies_2",
    "displayName": "&fcookies 2",
    "description": [],
    "instantEat": false,
    "foodMaterial": "APPLE",
    "headTexture": "",
    "customModelData": 30102,
    "permission": "",
    "price": 0.0,
    "saturation": 0.801277,
    "hunger": 0.705,
    "health": 0.0,
    "commands": [],
    "recipe": {
        "shape": [
            "xxx",
            "xxx",
            "xxx"
        ],
        "materials": {
            "x": "AIR"
        },
        "craft_amount": 1
    }
}