{
    "uniqueID": "peanut_butter",
    "displayName": "&fpeanut butter",
    "description": [],
    "instantEat": false,
    "foodMaterial": "APPLE",
    "headTexture": "",
    "customModelData": 30241,
    "permission": "",
    "price": 0.0,
    "saturation": 1.2489183,
    "hunger": 1.27,
    "health": 0.0,
    "commands": [],
    "recipe": {
        "shape": [
            "xxx",
            "xxx",
            "xxx"
        ],
        "materials": {
            "x": "AIR"
        },
        "craft_amount": 1
    }
}