{
    "uniqueID": "cabbage",
    "displayName": "&fcabbage",
    "description": [],
    "instantEat": false,
    "foodMaterial": "APPLE",
    "headTexture": "",
    "customModelData": 30045,
    "permission": "",
    "price": 0.0,
    "saturation": 1.24883,
    "hunger": 1.1975,
    "health": 0.0,
    "commands": [],
    "recipe": {
        "shape": [
            "xxx",
            "xxx",
            "xxx"
        ],
        "materials": {
            "x": "AIR"
        },
        "craft_amount": 1
    }
}