{
    "uniqueID": "cooking_oil",
    "displayName": "&fcooking oil",
    "description": [],
    "instantEat": false,
    "foodMaterial": "APPLE",
    "headTexture": "",
    "customModelData": 30103,
    "permission": "",
    "price": 0.0,
    "saturation": 0.9073559,
    "hunger": 0.875,
    "health": 0.0,
    "commands": [],
    "recipe": {
        "shape": [
            "xxx",
            "xxx",
            "xxx"
        ],
        "materials": {
            "x": "AIR"
        },
        "craft_amount": 1
    }
}