{
    "uniqueID": "mushroom_white_p",
    "displayName": "&fmushroom white p",
    "description": [],
    "instantEat": false,
    "foodMaterial": "APPLE",
    "headTexture": "",
    "customModelData": 30221,
    "permission": "",
    "price": 0.0,
    "saturation": 1.3562577,
    "hunger": 1.62,
    "health": 0.0,
    "commands": [],
    "recipe": {
        "shape": [
            "xxx",
            "xxx",
            "xxx"
        ],
        "materials": {
            "x": "AIR"
        },
        "craft_amount": 1
    }
}