{
    "uniqueID": "barbeque_sauce",
    "displayName": "&fbarbeque sauce",
    "description": [],
    "instantEat": false,
    "foodMaterial": "APPLE",
    "headTexture": "",
    "customModelData": 30024,
    "permission": "",
    "price": 0.0,
    "saturation": 0.6124892,
    "hunger": 0.9,
    "health": 0.0,
    "commands": [],
    "recipe": {
        "shape": [
            "xxx",
            "xxx",
            "xxx"
        ],
        "materials": {
            "x": "AIR"
        },
        "craft_amount": 1
    }
}