{
    "uniqueID": "salsa",
    "displayName": "&fsalsa",
    "description": [],
    "instantEat": false,
    "foodMaterial": "APPLE",
    "headTexture": "",
    "customModelData": 30302,
    "permission": "",
    "price": 0.0,
    "saturation": 1.1812271,
    "hunger": 1.005,
    "health": 0.0,
    "commands": [],
    "recipe": {
        "shape": [
            "xxx",
            "xxx",
            "xxx"
        ],
        "materials": {
            "x": "AIR"
        },
        "craft_amount": 1
    }
}