{
    "uniqueID": "lavandina",
    "displayName": "&flavandina",
    "description": [],
    "instantEat": false,
    "foodMaterial": "APPLE",
    "headTexture": "",
    "customModelData": 30188,
    "permission": "",
    "price": 0.0,
    "saturation": 1.2589929,
    "hunger": 1.535,
    "health": 0.0,
    "commands": [],
    "recipe": {
        "shape": [
            "xxx",
            "xxx",
            "xxx"
        ],
        "materials": {
            "x": "AIR"
        },
        "craft_amount": 1
    }
}