{
    "uniqueID": "orange_juice",
    "displayName": "&forange juice",
    "description": [],
    "instantEat": false,
    "foodMaterial": "APPLE",
    "headTexture": "",
    "customModelData": 30231,
    "permission": "",
    "price": 0.0,
    "saturation": 0.9267377,
    "hunger": 0.9525,
    "health": 0.0,
    "commands": [],
    "recipe": {
        "shape": [
            "xxx",
            "xxx",
            "xxx"
        ],
        "materials": {
            "x": "AIR"
        },
        "craft_amount": 1
    }
}