{
    "uniqueID": "potato_p",
    "displayName": "&fpotato p",
    "description": [],
    "instantEat": false,
    "foodMaterial": "APPLE",
    "headTexture": "",
    "customModelData": 30273,
    "permission": "",
    "price": 0.0,
    "saturation": 0.8533514,
    "hunger": 1.0825,
    "health": 0.0,
    "commands": [],
    "recipe": {
        "shape": [
            "xxx",
            "xxx",
            "xxx"
        ],
        "materials": {
            "x": "AIR"
        },
        "craft_amount": 1
    }
}