{
    "uniqueID": "Blue_berries",
    "displayName": "&fBlue berries",
    "description": [],
    "instantEat": false,
    "foodMaterial": "APPLE",
    "headTexture": "",
    "customModelData": 30033,
    "permission": "",
    "price": 0.0,
    "saturation": 0.37173533,
    "hunger": 0.3,
    "health": 0.0,
    "commands": [],
    "recipe": {
        "shape": [
            "xxx",
            "xxx",
            "xxx"
        ],
        "materials": {
            "x": "AIR"
        },
        "craft_amount": 1
    }
}