{
    "uniqueID": "kiwi",
    "displayName": "&fkiwi",
    "description": [],
    "instantEat": false,
    "foodMaterial": "APPLE",
    "headTexture": "",
    "customModelData": 30182,
    "permission": "",
    "price": 0.0,
    "saturation": 0.23174204,
    "hunger": 0.22,
    "health": 0.0,
    "commands": [],
    "recipe": {
        "shape": [
            "xxx",
            "xxx",
            "xxx"
        ],
        "materials": {
            "x": "AIR"
        },
        "craft_amount": 1
    }
}