{
    "uniqueID": "donuts",
    "displayName": "&fdonuts",
    "description": [],
    "instantEat": false,
    "foodMaterial": "APPLE",
    "headTexture": "",
    "customModelData": 30123,
    "permission": "",
    "price": 0.0,
    "saturation": 0.8892367,
    "hunger": 0.87,
    "health": 0.0,
    "commands": [],
    "recipe": {
        "shape": [
            "xxx",
            "xxx",
            "xxx"
        ],
        "materials": {
            "x": "AIR"
        },
        "craft_amount": 1
    }
}