{
    "uniqueID": "potatochip_blue",
    "displayName": "&fpotatochip blue",
    "description": [],
    "instantEat": false,
    "foodMaterial": "APPLE",
    "headTexture": "",
    "customModelData": 30268,
    "permission": "",
    "price": 0.0,
    "saturation": 2.1334474,
    "hunger": 1.71,
    "health": 0.0,
    "commands": [],
    "recipe": {
        "shape": [
            "xxx",
            "xxx",
            "xxx"
        ],
        "materials": {
            "x": "AIR"
        },
        "craft_amount": 1
    }
}