{
    "uniqueID": "toothbrush_set",
    "displayName": "&ftoothbrush set",
    "description": [],
    "instantEat": false,
    "foodMaterial": "APPLE",
    "headTexture": "",
    "customModelData": 30350,
    "permission": "",
    "price": 0.0,
    "saturation": 1.6653069,
    "hunger": 1.73,
    "health": 0.0,
    "commands": [],
    "recipe": {
        "shape": [
            "xxx",
            "xxx",
            "xxx"
        ],
        "materials": {
            "x": "AIR"
        },
        "craft_amount": 1
    }
}