{
    "uniqueID": "apple2",
    "displayName": "&fapple2",
    "description": [],
    "instantEat": false,
    "foodMaterial": "APPLE",
    "headTexture": "",
    "customModelData": 30006,
    "permission": "",
    "price": 0.0,
    "saturation": 0.40037537,
    "hunger": 0.3225,
    "health": 0.0,
    "commands": [],
    "recipe": {
        "shape": [
            "xxx",
            "xxx",
            "xxx"
        ],
        "materials": {
            "x": "AIR"
        },
        "craft_amount": 1
    }
}