{
    "uniqueID": "coffee_bag",
    "displayName": "&fcoffee bag",
    "description": [],
    "instantEat": false,
    "foodMaterial": "APPLE",
    "headTexture": "",
    "customModelData": 30097,
    "permission": "",
    "price": 0.0,
    "saturation": 0.6418147,
    "hunger": 1.07,
    "health": 0.0,
    "commands": [],
    "recipe": {
        "shape": [
            "xxx",
            "xxx",
            "xxx"
        ],
        "materials": {
            "x": "AIR"
        },
        "craft_amount": 1
    }
}