{
    "uniqueID": "sugar",
    "displayName": "&fsugar",
    "description": [],
    "instantEat": false,
    "foodMaterial": "APPLE",
    "headTexture": "",
    "customModelData": 30331,
    "permission": "",
    "price": 0.0,
    "saturation": 0.9392556,
    "hunger": 1.265,
    "health": 0.0,
    "commands": [],
    "recipe": {
        "shape": [
            "xxx",
            "xxx",
            "xxx"
        ],
        "materials": {
            "x": "AIR"
        },
        "craft_amount": 1
    }
}