{
    "uniqueID": "strawberry_ice_cream",
    "displayName": "&fstrawberry ice cream",
    "description": [],
    "instantEat": false,
    "foodMaterial": "APPLE",
    "headTexture": "",
    "customModelData": 30325,
    "permission": "",
    "price": 0.0,
    "saturation": 0.8335507,
    "hunger": 1.245,
    "health": 0.0,
    "commands": [],
    "recipe": {
        "shape": [
            "xxx",
            "xxx",
            "xxx"
        ],
        "materials": {
            "x": "AIR"
        },
        "craft_amount": 1
    }
}