{
    "uniqueID": "Vlan",
    "displayName": "&fVlan",
    "description": [],
    "instantEat": false,
    "foodMaterial": "APPLE",
    "headTexture": "",
    "customModelData": 30356,
    "permission": "",
    "price": 0.0,
    "saturation": 1.2060302,
    "hunger": 0.995,
    "health": 0.0,
    "commands": [],
    "recipe": {
        "shape": [
            "xxx",
            "xxx",
            "xxx"
        ],
        "materials": {
            "x": "AIR"
        },
        "craft_amount": 1
    }
}