{
    "uniqueID": "galletitas",
    "displayName": "&fgalletitas",
    "description": [],
    "instantEat": false,
    "foodMaterial": "APPLE",
    "headTexture": "",
    "customModelData": 30147,
    "permission": "",
    "price": 0.0,
    "saturation": 1.8571494,
    "hunger": 1.64,
    "health": 0.0,
    "commands": [],
    "recipe": {
        "shape": [
            "xxx",
            "xxx",
            "xxx"
        ],
        "materials": {
            "x": "AIR"
        },
        "craft_amount": 1
    }
}