{
    "uniqueID": "chetos",
    "displayName": "&fchetos",
    "description": [],
    "instantEat": false,
    "foodMaterial": "APPLE",
    "headTexture": "",
    "customModelData": 30072,
    "permission": "",
    "price": 0.0,
    "saturation": 0.6339945,
    "hunger": 0.635,
    "health": 0.0,
    "commands": [],
    "recipe": {
        "shape": [
            "xxx",
            "xxx",
            "xxx"
        ],
        "materials": {
            "x": "AIR"
        },
        "craft_amount": 1
    }
}