{
    "uniqueID": "pure",
    "displayName": "&fpure",
    "description": [],
    "instantEat": false,
    "foodMaterial": "APPLE",
    "headTexture": "",
    "customModelData": 30281,
    "permission": "",
    "price": 0.0,
    "saturation": 1.09343,
    "hunger": 0.94,
    "health": 0.0,
    "commands": [],
    "recipe": {
        "shape": [
            "xxx",
            "xxx",
            "xxx"
        ],
        "materials": {
            "x": "AIR"
        },
        "craft_amount": 1
    }
}