{
    "uniqueID": "watermelon2",
    "displayName": "&fwatermelon2",
    "description": [],
    "instantEat": false,
    "foodMaterial": "APPLE",
    "headTexture": "",
    "customModelData": 30362,
    "permission": "",
    "price": 0.0,
    "saturation": 0.75084853,
    "hunger": 0.7275,
    "health": 0.0,
    "commands": [],
    "recipe": {
        "shape": [
            "xxx",
            "xxx",
            "xxx"
        ],
        "materials": {
            "x": "AIR"
        },
        "craft_amount": 1
    }
}