{
    "uniqueID": "whisk_p",
    "displayName": "&fwhisk p",
    "description": [],
    "instantEat": false,
    "foodMaterial": "APPLE",
    "headTexture": "",
    "customModelData": 30365,
    "permission": "",
    "price": 0.0,
    "saturation": 0.92746043,
    "hunger": 1.29,
    "health": 0.0,
    "commands": [],
    "recipe": {
        "shape": [
            "xxx",
            "xxx",
            "xxx"
        ],
        "materials": {
            "x": "AIR"
        },
        "craft_amount": 1
    }
}