{
    "uniqueID": "candy",
    "displayName": "&fcandy",
    "description": [],
    "instantEat": false,
    "foodMaterial": "APPLE",
    "headTexture": "",
    "customModelData": 30052,
    "permission": "",
    "price": 0.0,
    "saturation": 0.81892145,
    "hunger": 0.735,
    "health": 0.0,
    "commands": [],
    "recipe": {
        "shape": [
            "xxx",
            "xxx",
            "xxx"
        ],
        "materials": {
            "x": "AIR"
        },
        "craft_amount": 1
    }
}