{
    "uniqueID": "pie_3",
    "displayName": "&fpie 3",
    "description": [],
    "instantEat": false,
    "foodMaterial": "APPLE",
    "headTexture": "",
    "customModelData": 30253,
    "permission": "",
    "price": 0.0,
    "saturation": 0.5538188,
    "hunger": 0.6325,
    "health": 0.0,
    "commands": [],
    "recipe": {
        "shape": [
            "xxx",
            "xxx",
            "xxx"
        ],
        "materials": {
            "x": "AIR"
        },
        "craft_amount": 1
    }
}