{
    "uniqueID": "arbejas",
    "displayName": "&farbejas",
    "description": [],
    "instantEat": false,
    "foodMaterial": "APPLE",
    "headTexture": "",
    "customModelData": 30010,
    "permission": "",
    "price": 0.0,
    "saturation": 1.9594909,
    "hunger": 1.52,
    "health": 0.0,
    "commands": [],
    "recipe": {
        "shape": [
            "xxx",
            "xxx",
            "xxx"
        ],
        "materials": {
            "x": "AIR"
        },
        "craft_amount": 1
    }
}