{
    "uniqueID": "egg_brown",
    "displayName": "&fegg brown",
    "description": [],
    "instantEat": false,
    "foodMaterial": "APPLE",
    "headTexture": "",
    "customModelData": 30128,
    "permission": "",
    "price": 0.0,
    "saturation": 0.7835198,
    "hunger": 1.2925,
    "health": 0.0,
    "commands": [],
    "recipe": {
        "shape": [
            "xxx",
            "xxx",
            "xxx"
        ],
        "materials": {
            "x": "AIR"
        },
        "craft_amount": 1
    }
}