{
    "uniqueID": "hot_cocoa_mix",
    "displayName": "&fhot cocoa mix",
    "description": [],
    "instantEat": false,
    "foodMaterial": "APPLE",
    "headTexture": "",
    "customModelData": 30170,
    "permission": "",
    "price": 0.0,
    "saturation": 1.0785244,
    "hunger": 1.57,
    "health": 0.0,
    "commands": [],
    "recipe": {
        "shape": [
            "xxx",
            "xxx",
            "xxx"
        ],
        "materials": {
            "x": "AIR"
        },
        "craft_amount": 1
    }
}