{
    "uniqueID": "potatochip_green",
    "displayName": "&fpotatochip green",
    "description": [],
    "instantEat": false,
    "foodMaterial": "APPLE",
    "headTexture": "",
    "customModelData": 30269,
    "permission": "",
    "price": 0.0,
    "saturation": 2.1790545,
    "hunger": 1.7025,
    "health": 0.0,
    "commands": [],
    "recipe": {
        "shape": [
            "xxx",
            "xxx",
            "xxx"
        ],
        "materials": {
            "x": "AIR"
        },
        "craft_amount": 1
    }
}