{
    "uniqueID": "olive_oil",
    "displayName": "&folive oil",
    "description": [],
    "instantEat": false,
    "foodMaterial": "APPLE",
    "headTexture": "",
    "customModelData": 30224,
    "permission": "",
    "price": 0.0,
    "saturation": 0.45095536,
    "hunger": 0.6325,
    "health": 0.0,
    "commands": [],
    "recipe": {
        "shape": [
            "xxx",
            "xxx",
            "xxx"
        ],
        "materials": {
            "x": "AIR"
        },
        "craft_amount": 1
    }
}