{
    "uniqueID": "pan_dulce",
    "displayName": "&fpan dulce",
    "description": [],
    "instantEat": false,
    "foodMaterial": "APPLE",
    "headTexture": "",
    "customModelData": 30234,
    "permission": "",
    "price": 0.0,
    "saturation": 0.7223336,
    "hunger": 0.7575,
    "health": 0.0,
    "commands": [],
    "recipe": {
        "shape": [
            "xxx",
            "xxx",
            "xxx"
        ],
        "materials": {
            "x": "AIR"
        },
        "craft_amount": 1
    }
}