{
    "uniqueID": "meat2",
    "displayName": "&fmeat2",
    "description": [],
    "instantEat": false,
    "foodMaterial": "APPLE",
    "headTexture": "",
    "customModelData": 30201,
    "permission": "",
    "price": 0.0,
    "saturation": 1.2098755,
    "hunger": 1.305,
    "health": 0.0,
    "commands": [],
    "recipe": {
        "shape": [
            "xxx",
            "xxx",
            "xxx"
        ],
        "materials": {
            "x": "AIR"
        },
        "craft_amount": 1
    }
}