{
    "uniqueID": "cereal1",
    "displayName": "&fcereal1",
    "description": [],
    "instantEat": false,
    "foodMaterial": "APPLE",
    "headTexture": "",
    "customModelData": 30056,
    "permission": "",
    "price": 0.0,
    "saturation": 1.5611091,
    "hunger": 1.435,
    "health": 0.0,
    "commands": [],
    "recipe": {
        "shape": [
            "xxx",
            "xxx",
            "xxx"
        ],
        "materials": {
            "x": "AIR"
        },
        "craft_amount": 1
    }
}