{
    "uniqueID": "baking_powder",
    "displayName": "&fbaking powder",
    "description": [],
    "instantEat": false,
    "foodMaterial": "APPLE",
    "headTexture": "",
    "customModelData": 30018,
    "permission": "",
    "price": 0.0,
    "saturation": 0.6538825,
    "hunger": 1.09,
    "health": 0.0,
    "commands": [],
    "recipe": {
        "shape": [
            "xxx",
            "xxx",
            "xxx"
        ],
        "materials": {
            "x": "AIR"
        },
        "craft_amount": 1
    }
}