{
    "uniqueID": "white_cheese_piece",
    "displayName": "&fwhite cheese piece",
    "description": [],
    "instantEat": false,
    "foodMaterial": "APPLE",
    "headTexture": "",
    "customModelData": 30368,
    "permission": "",
    "price": 0.0,
    "saturation": 0.558666,
    "hunger": 0.895,
    "health": 0.0,
    "commands": [],
    "recipe": {
        "shape": [
            "xxx",
            "xxx",
            "xxx"
        ],
        "materials": {
            "x": "AIR"
        },
        "craft_amount": 1
    }
}