{
    "uniqueID": "potatochip_yellow",
    "displayName": "&fpotatochip yellow",
    "description": [],
    "instantEat": false,
    "foodMaterial": "APPLE",
    "headTexture": "",
    "customModelData": 30270,
    "permission": "",
    "price": 0.0,
    "saturation": 2.034168,
    "hunger": 1.7125,
    "health": 0.0,
    "commands": [],
    "recipe": {
        "shape": [
            "xxx",
            "xxx",
            "xxx"
        ],
        "materials": {
            "x": "AIR"
        },
        "craft_amount": 1
    }
}