{
    "uniqueID": "pea",
    "displayName": "&fpea",
    "description": [],
    "instantEat": false,
    "foodMaterial": "APPLE",
    "headTexture": "",
    "customModelData": 30235,
    "permission": "",
    "price": 0.0,
    "saturation": 0.36739483,
    "hunger": 0.285,
    "health": 0.0,
    "commands": [],
    "recipe": {
        "shape": [
            "xxx",
            "xxx",
            "xxx"
        ],
        "materials": {
            "x": "AIR"
        },
        "craft_amount": 1
    }
}