{
    "uniqueID": "spam",
    "displayName": "&fspam",
    "description": [],
    "instantEat": false,
    "foodMaterial": "APPLE",
    "headTexture": "",
    "customModelData": 30317,
    "permission": "",
    "price": 0.0,
    "saturation": 2.2153723,
    "hunger": 1.745,
    "health": 0.0,
    "commands": [],
    "recipe": {
        "shape": [
            "xxx",
            "xxx",
            "xxx"
        ],
        "materials": {
            "x": "AIR"
        },
        "craft_amount": 1
    }
}