{
    "uniqueID": "Beans",
    "displayName": "&fBeans",
    "description": [],
    "instantEat": false,
    "foodMaterial": "APPLE",
    "headTexture": "",
    "customModelData": 30026,
    "permission": "",
    "price": 0.0,
    "saturation": 1.3916204,
    "hunger": 1.0075,
    "health": 0.0,
    "commands": [],
    "recipe": {
        "shape": [
            "xxx",
            "xxx",
            "xxx"
        ],
        "materials": {
            "x": "AIR"
        },
        "craft_amount": 1
    }
}