{
    "uniqueID": "white_cheese_p",
    "displayName": "&fwhite cheese p",
    "description": [],
    "instantEat": false,
    "foodMaterial": "APPLE",
    "headTexture": "",
    "customModelData": 30367,
    "permission": "",
    "price": 0.0,
    "saturation": 0.7133953,
    "hunger": 1.12,
    "health": 0.0,
    "commands": [],
    "recipe": {
        "shape": [
            "xxx",
            "xxx",
            "xxx"
        ],
        "materials": {
            "x": "AIR"
        },
        "craft_amount": 1
    }
}