{
    "uniqueID": "vanilla_or_lemon_ice_cream",
    "displayName": "&fvanilla or lemon ice cream",
    "description": [],
    "instantEat": false,
    "foodMaterial": "APPLE",
    "headTexture": "",
    "customModelData": 30354,
    "permission": "",
    "price": 0.0,
    "saturation": 0.8703945,
    "hunger": 1.245,
    "health": 0.0,
    "commands": [],
    "recipe": {
        "shape": [
            "xxx",
            "xxx",
            "xxx"
        ],
        "materials": {
            "x": "AIR"
        },
        "craft_amount": 1
    }
}