{
    "uniqueID": "mushroom_white",
    "displayName": "&fmushroom white",
    "description": [],
    "instantEat": false,
    "foodMaterial": "APPLE",
    "headTexture": "",
    "customModelData": 30220,
    "permission": "",
    "price": 0.0,
    "saturation": 0.30065933,
    "hunger": 1.015,
    "health": 0.0,
    "commands": [],
    "recipe": {
        "shape": [
            "xxx",
            "xxx",
            "xxx"
        ],
        "materials": {
            "x": "AIR"
        },
        "craft_amount": 1
    }
}