{
    "uniqueID": "potato_chips",
    "displayName": "&fpotato chips",
    "description": [],
    "instantEat": false,
    "foodMaterial": "APPLE",
    "headTexture": "",
    "customModelData": 30272,
    "permission": "",
    "price": 0.0,
    "saturation": 1.4275163,
    "hunger": 1.17,
    "health": 0.0,
    "commands": [],
    "recipe": {
        "shape": [
            "xxx",
            "xxx",
            "xxx"
        ],
        "materials": {
            "x": "AIR"
        },
        "craft_amount": 1
    }
}