{
    "uniqueID": "fried_egg",
    "displayName": "&ffried egg",
    "description": [],
    "instantEat": false,
    "foodMaterial": "APPLE",
    "headTexture": "",
    "customModelData": 30141,
    "permission": "",
    "price": 0.0,
    "saturation": 0.5114092,
    "hunger": 0.6525,
    "health": 0.0,
    "commands": [],
    "recipe": {
        "shape": [
            "xxx",
            "xxx",
            "xxx"
        ],
        "materials": {
            "x": "AIR"
        },
        "craft_amount": 1
    }
}