{
    "uniqueID": "ketchup",
    "displayName": "&fketchup",
    "description": [],
    "instantEat": false,
    "foodMaterial": "APPLE",
    "headTexture": "",
    "customModelData": 30181,
    "permission": "",
    "price": 0.0,
    "saturation": 0.8690372,
    "hunger": 1.025,
    "health": 0.0,
    "commands": [],
    "recipe": {
        "shape": [
            "xxx",
            "xxx",
            "xxx"
        ],
        "materials": {
            "x": "AIR"
        },
        "craft_amount": 1
    }
}