{
    "uniqueID": "cereal2",
    "displayName": "&fcereal2",
    "description": [],
    "instantEat": false,
    "foodMaterial": "APPLE",
    "headTexture": "",
    "customModelData": 30057,
    "permission": "",
    "price": 0.0,
    "saturation": 1.5178838,
    "hunger": 1.435,
    "health": 0.0,
    "commands": [],
    "recipe": {
        "shape": [
            "xxx",
            "xxx",
            "xxx"
        ],
        "materials": {
            "x": "AIR"
        },
        "craft_amount": 1
    }
}