{
    "uniqueID": "beacon",
    "displayName": "&fbeacon",
    "description": [],
    "instantEat": false,
    "foodMaterial": "APPLE",
    "headTexture": "",
    "customModelData": 30025,
    "permission": "",
    "price": 0.0,
    "saturation": 0.951412,
    "hunger": 0.8025,
    "health": 0.0,
    "commands": [],
    "recipe": {
        "shape": [
            "xxx",
            "xxx",
            "xxx"
        ],
        "materials": {
            "x": "AIR"
        },
        "craft_amount": 1
    }
}