{
    "uniqueID": "strawberry_p",
    "displayName": "&fstrawberry p",
    "description": [],
    "instantEat": false,
    "foodMaterial": "APPLE",
    "headTexture": "",
    "customModelData": 30328,
    "permission": "",
    "price": 0.0,
    "saturation": 0.7558611,
    "hunger": 0.8075,
    "health": 0.0,
    "commands": [],
    "recipe": {
        "shape": [
            "xxx",
            "xxx",
            "xxx"
        ],
        "materials": {
            "x": "AIR"
        },
        "craft_amount": 1
    }
}