{
    "uniqueID": "snack1",
    "displayName": "&fsnack1",
    "description": [],
    "instantEat": false,
    "foodMaterial": "APPLE",
    "headTexture": "",
    "customModelData": 30310,
    "permission": "",
    "price": 0.0,
    "saturation": 1.481083,
    "hunger": 1.4975,
    "health": 0.0,
    "commands": [],
    "recipe": {
        "shape": [
            "xxx",
            "xxx",
            "xxx"
        ],
        "materials": {
            "x": "AIR"
        },
        "craft_amount": 1
    }
}