{
    "uniqueID": "lata_atun",
    "displayName": "&flata atun",
    "description": [],
    "instantEat": false,
    "foodMaterial": "APPLE",
    "headTexture": "",
    "customModelData": 30185,
    "permission": "",
    "price": 0.0,
    "saturation": 2.4757173,
    "hunger": 2.075,
    "health": 0.0,
    "commands": [],
    "recipe": {
        "shape": [
            "xxx",
            "xxx",
            "xxx"
        ],
        "materials": {
            "x": "AIR"
        },
        "craft_amount": 1
    }
}