{
    "uniqueID": "miel",
    "displayName": "&fmiel",
    "description": [],
    "instantEat": false,
    "foodMaterial": "APPLE",
    "headTexture": "",
    "customModelData": 30210,
    "permission": "",
    "price": 0.0,
    "saturation": 1.9589837,
    "hunger": 1.5025,
    "health": 0.0,
    "commands": [],
    "recipe": {
        "shape": [
            "xxx",
            "xxx",
            "xxx"
        ],
        "materials": {
            "x": "AIR"
        },
        "craft_amount": 1
    }
}