{
    "uniqueID": "cookies_3",
    "displayName": "&fcookies 3",
    "description": [],
    "instantEat": false,
    "foodMaterial": "APPLE",
    "headTexture": "",
    "customModelData": 30100,
    "permission": "",
    "price": 0.0,
    "saturation": 0.5838044,
    "hunger": 0.6875,
    "health": 0.0,
    "commands": [],
    "recipe": {
        "shape": [
            "xxx",
            "xxx",
            "xxx"
        ],
        "materials": {
            "x": "AIR"
        },
        "craft_amount": 1
    }
}