{
    "uniqueID": "marshmallows",
    "displayName": "&fmarshmallows",
    "description": [],
    "instantEat": false,
    "foodMaterial": "APPLE",
    "headTexture": "",
    "customModelData": 30197,
    "permission": "",
    "price": 0.0,
    "saturation": 0.88263947,
    "hunger": 1.28,
    "health": 0.0,
    "commands": [],
    "recipe": {
        "shape": [
            "xxx",
            "xxx",
            "xxx"
        ],
        "materials": {
            "x": "AIR"
        },
        "craft_amount": 1
    }
}