{
    "uniqueID": "empanada",
    "displayName": "&fempanada",
    "description": [],
    "instantEat": false,
    "foodMaterial": "APPLE",
    "headTexture": "",
    "customModelData": 30130,
    "permission": "",
    "price": 0.0,
    "saturation": 0.535752,
    "hunger": 0.6875,
    "health": 0.0,
    "commands": [],
    "recipe": {
        "shape": [
            "xxx",
            "xxx",
            "xxx"
        ],
        "materials": {
            "x": "AIR"
        },
        "craft_amount": 1
    }
}