{
    "uniqueID": "watermelon1",
    "displayName": "&fwatermelon1",
    "description": [],
    "instantEat": false,
    "foodMaterial": "APPLE",
    "headTexture": "",
    "customModelData": 30361,
    "permission": "",
    "price": 0.0,
    "saturation": 0.79675937,
    "hunger": 1.0175,
    "health": 0.0,
    "commands": [],
    "recipe": {
        "shape": [
            "xxx",
            "xxx",
            "xxx"
        ],
        "materials": {
            "x": "AIR"
        },
        "craft_amount": 1
    }
}