{
    "uniqueID": "plain_yogurt",
    "displayName": "&fplain yogurt",
    "description": [],
    "instantEat": false,
    "foodMaterial": "APPLE",
    "headTexture": "",
    "customModelData": 30263,
    "permission": "",
    "price": 0.0,
    "saturation": 1.3845898,
    "hunger": 1.685,
    "health": 0.0,
    "commands": [],
    "recipe": {
        "shape": [
            "xxx",
            "xxx",
            "xxx"
        ],
        "materials": {
            "x": "AIR"
        },
        "craft_amount": 1
    }
}