{
    "uniqueID": "pie",
    "displayName": "&fpie",
    "description": [],
    "instantEat": false,
    "foodMaterial": "APPLE",
    "headTexture": "",
    "customModelData": 30250,
    "permission": "",
    "price": 0.0,
    "saturation": 0.9768519,
    "hunger": 0.855,
    "health": 0.0,
    "commands": [],
    "recipe": {
        "shape": [
            "xxx",
            "xxx",
            "xxx"
        ],
        "materials": {
            "x": "AIR"
        },
        "craft_amount": 1
    }
}