{
    "uniqueID": "baked_potatoes",
    "displayName": "&fbaked potatoes",
    "description": [],
    "instantEat": false,
    "foodMaterial": "APPLE",
    "headTexture": "",
    "customModelData": 30017,
    "permission": "",
    "price": 0.0,
    "saturation": 0.64936894,
    "hunger": 0.6525,
    "health": 0.0,
    "commands": [],
    "recipe": {
        "shape": [
            "xxx",
            "xxx",
            "xxx"
        ],
        "materials": {
            "x": "AIR"
        },
        "craft_amount": 1
    }
}