{
    "uniqueID": "candy_bar",
    "displayName": "&fcandy bar",
    "description": [],
    "instantEat": false,
    "foodMaterial": "APPLE",
    "headTexture": "",
    "customModelData": 30053,
    "permission": "",
    "price": 0.0,
    "saturation": 0.51446974,
    "hunger": 0.95,
    "health": 0.0,
    "commands": [],
    "recipe": {
        "shape": [
            "xxx",
            "xxx",
            "xxx"
        ],
        "materials": {
            "x": "AIR"
        },
        "craft_amount": 1
    }
}