{
    "uniqueID": "butter2",
    "displayName": "&fbutter2",
    "description": [],
    "instantEat": false,
    "foodMaterial": "APPLE",
    "headTexture": "",
    "customModelData": 30043,
    "permission": "",
    "price": 0.0,
    "saturation": 0.80154836,
    "hunger": 0.955,
    "health": 0.0,
    "commands": [],
    "recipe": {
        "shape": [
            "xxx",
            "xxx",
            "xxx"
        ],
        "materials": {
            "x": "AIR"
        },
        "craft_amount": 1
    }
}