{
    "uniqueID": "jam_strawberry",
    "displayName": "&fjam strawberry",
    "description": [],
    "instantEat": false,
    "foodMaterial": "APPLE",
    "headTexture": "",
    "customModelData": 30177,
    "permission": "",
    "price": 0.0,
    "saturation": 1.1550345,
    "hunger": 1.09,
    "health": 0.0,
    "commands": [],
    "recipe": {
        "shape": [
            "xxx",
            "xxx",
            "xxx"
        ],
        "materials": {
            "x": "AIR"
        },
        "craft_amount": 1
    }
}