{
    "uniqueID": "burger",
    "displayName": "&fburger",
    "description": [],
    "instantEat": false,
    "foodMaterial": "APPLE",
    "headTexture": "",
    "customModelData": 30039,
    "permission": "",
    "price": 0.0,
    "saturation": 1.0570161,
    "hunger": 0.9,
    "health": 0.0,
    "commands": [],
    "recipe": {
        "shape": [
            "xxx",
            "xxx",
            "xxx"
        ],
        "materials": {
            "x": "AIR"
        },
        "craft_amount": 1
    }
}