{
    "uniqueID": "American_cheese_p",
    "displayName": "&fAmerican cheese p",
    "description": [],
    "instantEat": false,
    "foodMaterial": "APPLE",
    "headTexture": "",
    "customModelData": 30004,
    "permission": "",
    "price": 0.0,
    "saturation": 0.94935006,
    "hunger": 1.05,
    "health": 0.0,
    "commands": [],
    "recipe": {
        "shape": [
            "xxx",
            "xxx",
            "xxx"
        ],
        "materials": {
            "x": "AIR"
        },
        "craft_amount": 1
    }
}