{
    "uniqueID": "white_cheese_piece_p",
    "displayName": "&fwhite cheese piece p",
    "description": [],
    "instantEat": false,
    "foodMaterial": "APPLE",
    "headTexture": "",
    "customModelData": 30369,
    "permission": "",
    "price": 0.0,
    "saturation": 0.52694327,
    "hunger": 0.895,
    "health": 0.0,
    "commands": [],
    "recipe": {
        "shape": [
            "xxx",
            "xxx",
            "xxx"
        ],
        "materials": {
            "x": "AIR"
        },
        "craft_amount": 1
    }
}