{
    "uniqueID": "butter",
    "displayName": "&fbutter",
    "description": [],
    "instantEat": false,
    "foodMaterial": "APPLE",
    "headTexture": "",
    "customModelData": 30042,
    "permission": "",
    "price": 0.0,
    "saturation": 1.6170055,
    "hunger": 1.475,
    "health": 0.0,
    "commands": [],
    "recipe": {
        "shape": [
            "xxx",
            "xxx",
            "xxx"
        ],
        "materials": {
            "x": "AIR"
        },
        "craft_amount": 1
    }
}