{
    "uniqueID": "bubble_gum",
    "displayName": "&fbubble gum",
    "description": [],
    "instantEat": false,
    "foodMaterial": "APPLE",
    "headTexture": "",
    "customModelData": 30037,
    "permission": "",
    "price": 0.0,
    "saturation": 0.88869315,
    "hunger": 1.0475,
    "health": 0.0,
    "commands": [],
    "recipe": {
        "shape": [
            "xxx",
            "xxx",
            "xxx"
        ],
        "materials": {
            "x": "AIR"
        },
        "craft_amount": 1
    }
}