{
    "uniqueID": "taco_2",
    "displayName": "&ftaco 2",
    "description": [],
    "instantEat": false,
    "foodMaterial": "APPLE",
    "headTexture": "",
    "customModelData": 30338,
    "permission": "",
    "price": 0.0,
    "saturation": 0.5776715,
    "hunger": 0.5725,
    "health": 0.0,
    "commands": [],
    "recipe": {
        "shape": [
            "xxx",
            "xxx",
            "xxx"
        ],
        "materials": {
            "x": "AIR"
        },
        "craft_amount": 1
    }
}