{
    "uniqueID": "milk_gallon",
    "displayName": "&fmilk gallon",
    "description": [],
    "instantEat": false,
    "foodMaterial": "APPLE",
    "headTexture": "",
    "customModelData": 30214,
    "permission": "",
    "price": 0.0,
    "saturation": 0.75898665,
    "hunger": 1.135,
    "health": 0.0,
    "commands": [],
    "recipe": {
        "shape": [
            "xxx",
            "xxx",
            "xxx"
        ],
        "materials": {
            "x": "AIR"
        },
        "craft_amount": 1
    }
}