{
    "uniqueID": "flan",
    "displayName": "&fflan",
    "description": [],
    "instantEat": false,
    "foodMaterial": "APPLE",
    "headTexture": "",
    "customModelData": 30138,
    "permission": "",
    "price": 0.0,
    "saturation": 0.6073731,
    "hunger": 0.645,
    "health": 0.0,
    "commands": [],
    "recipe": {
        "shape": [
            "xxx",
            "xxx",
            "xxx"
        ],
        "materials": {
            "x": "AIR"
        },
        "craft_amount": 1
    }
}