{
    "uniqueID": "fish_p",
    "displayName": "&ffish p",
    "description": [],
    "instantEat": false,
    "foodMaterial": "APPLE",
    "headTexture": "",
    "customModelData": 30136,
    "permission": "",
    "price": 0.0,
    "saturation": 0.7653067,
    "hunger": 1.31,
    "health": 0.0,
    "commands": [],
    "recipe": {
        "shape": [
            "xxx",
            "xxx",
            "xxx"
        ],
        "materials": {
            "x": "AIR"
        },
        "craft_amount": 1
    }
}