{
    "uniqueID": "milk_pack",
    "displayName": "&fmilk pack",
    "description": [],
    "instantEat": false,
    "foodMaterial": "APPLE",
    "headTexture": "",
    "customModelData": 30215,
    "permission": "",
    "price": 0.0,
    "saturation": 1.0024441,
    "hunger": 1.035,
    "health": 0.0,
    "commands": [],
    "recipe": {
        "shape": [
            "xxx",
            "xxx",
            "xxx"
        ],
        "materials": {
            "x": "AIR"
        },
        "craft_amount": 1
    }
}