{
    "uniqueID": "soft_drink_yellow",
    "displayName": "&fsoft drink yellow",
    "description": [],
    "instantEat": false,
    "foodMaterial": "APPLE",
    "headTexture": "",
    "customModelData": 30315,
    "permission": "",
    "price": 0.0,
    "saturation": 0.94120264,
    "hunger": 1.205,
    "health": 0.0,
    "commands": [],
    "recipe": {
        "shape": [
            "xxx",
            "xxx",
            "xxx"
        ],
        "materials": {
            "x": "AIR"
        },
        "craft_amount": 1
    }
}