{
    "uniqueID": "jugo",
    "displayName": "&fjugo",
    "description": [],
    "instantEat": false,
    "foodMaterial": "APPLE",
    "headTexture": "",
    "customModelData": 30179,
    "permission": "",
    "price": 0.0,
    "saturation": 2.2332451,
    "hunger": 1.7075,
    "health": 0.0,
    "commands": [],
    "recipe": {
        "shape": [
            "xxx",
            "xxx",
            "xxx"
        ],
        "materials": {
            "x": "AIR"
        },
        "craft_amount": 1
    }
}