{
    "uniqueID": "Daikiri",
    "displayName": "&fDaikiri",
    "description": [],
    "instantEat": false,
    "foodMaterial": "APPLE",
    "headTexture": "",
    "customModelData": 30110,
    "permission": "",
    "price": 0.0,
    "saturation": 0.74320483,
    "hunger": 1.2075,
    "health": 0.0,
    "commands": [],
    "recipe": {
        "shape": [
            "xxx",
            "xxx",
            "xxx"
        ],
        "materials": {
            "x": "AIR"
        },
        "craft_amount": 1
    }
}