{
    "uniqueID": "7up",
    "displayName": "&f7up",
    "description": [],
    "instantEat": false,
    "foodMaterial": "APPLE",
    "headTexture": "",
    "customModelData": 30001,
    "permission": "",
    "price": 0.0,
    "saturation": 1.6817017,
    "hunger": 1.395,
    "health": 0.0,
    "commands": [],
    "recipe": {
        "shape": [
            "xxx",
            "xxx",
            "xxx"
        ],
        "materials": {
            "x": "AIR"
        },
        "craft_amount": 1
    }
}