{
    "uniqueID": "Strawberry_juice",
    "displayName": "&fStrawberry juice",
    "description": [],
    "instantEat": false,
    "foodMaterial": "APPLE",
    "headTexture": "",
    "customModelData": 30327,
    "permission": "",
    "price": 0.0,
    "saturation": 1.0940872,
    "hunger": 0.99,
    "health": 0.0,
    "commands": [],
    "recipe": {
        "shape": [
            "xxx",
            "xxx",
            "xxx"
        ],
        "materials": {
            "x": "AIR"
        },
        "craft_amount": 1
    }
}