{
    "uniqueID": "soft_drink_red",
    "displayName": "&fsoft drink red",
    "description": [],
    "instantEat": false,
    "foodMaterial": "APPLE",
    "headTexture": "",
    "customModelData": 30314,
    "permission": "",
    "price": 0.0,
    "saturation": 1.2921634,
    "hunger": 1.205,
    "health": 0.0,
    "commands": [],
    "recipe": {
        "shape": [
            "xxx",
            "xxx",
            "xxx"
        ],
        "materials": {
            "x": "AIR"
        },
        "craft_amount": 1
    }
}