{
    "uniqueID": "pepsi_2",
    "displayName": "&fpepsi 2",
    "description": [],
    "instantEat": false,
    "foodMaterial": "APPLE",
    "headTexture": "",
    "customModelData": 30249,
    "permission": "",
    "price": 0.0,
    "saturation": 1.4319849,
    "hunger": 1.39,
    "health": 0.0,
    "commands": [],
    "recipe": {
        "shape": [
            "xxx",
            "xxx",
            "xxx"
        ],
        "materials": {
            "x": "AIR"
        },
        "craft_amount": 1
    }
}