{
    "uniqueID": "Coca_Cola",
    "displayName": "&fCoca Cola",
    "description": [],
    "instantEat": false,
    "foodMaterial": "APPLE",
    "headTexture": "",
    "customModelData": 30094,
    "permission": "",
    "price": 0.0,
    "saturation": 0.13661216,
    "hunger": 0.1275,
    "health": 0.0,
    "commands": [],
    "recipe": {
        "shape": [
            "xxx",
            "xxx",
            "xxx"
        ],
        "materials": {
            "x": "AIR"
        },
        "craft_amount": 1
    }
}