{
    "uniqueID": "Lemon_Shot2",
    "displayName": "&fLemon Shot2",
    "description": [],
    "instantEat": false,
    "foodMaterial": "APPLE",
    "headTexture": "",
    "customModelData": 30194,
    "permission": "",
    "price": 0.0,
    "saturation": 0.4113016,
    "hunger": 0.54,
    "health": 0.0,
    "commands": [],
    "recipe": {
        "shape": [
            "xxx",
            "xxx",
            "xxx"
        ],
        "materials": {
            "x": "AIR"
        },
        "craft_amount": 1
    }
}