{
    "uniqueID": "Strawberry_syrup",
    "displayName": "&fStrawberry syrup",
    "description": [],
    "instantEat": false,
    "foodMaterial": "APPLE",
    "headTexture": "",
    "customModelData": 30330,
    "permission": "",
    "price": 0.0,
    "saturation": 0.8916667,
    "hunger": 0.65,
    "health": 0.0,
    "commands": [],
    "recipe": {
        "shape": [
            "xxx",
            "xxx",
            "xxx"
        ],
        "materials": {
            "x": "AIR"
        },
        "craft_amount": 1
    }
}