{
    "uniqueID": "Italian_beer",
    "displayName": "&fItalian beer",
    "description": [],
    "instantEat": false,
    "foodMaterial": "APPLE",
    "headTexture": "",
    "customModelData": 30175,
    "permission": "",
    "price": 0.0,
    "saturation": 0.080028936,
    "hunger": 0.1025,
    "health": 0.0,
    "commands": [],
    "recipe": {
        "shape": [
            "xxx",
            "xxx",
            "xxx"
        ],
        "materials": {
            "x": "AIR"
        },
        "craft_amount": 1
    }
}