{
    "uniqueID": "Frappe",
    "displayName": "&fFrappe",
    "description": [],
    "instantEat": false,
    "foodMaterial": "APPLE",
    "headTexture": "",
    "customModelData": 30140,
    "permission": "",
    "price": 0.0,
    "saturation": 1.082483,
    "hunger": 1.54,
    "health": 0.0,
    "commands": [],
    "recipe": {
        "shape": [
            "xxx",
            "xxx",
            "xxx"
        ],
        "materials": {
            "x": "AIR"
        },
        "craft_amount": 1
    }
}