{
    "uniqueID": "Honey",
    "displayName": "&fHoney",
    "description": [],
    "instantEat": false,
    "foodMaterial": "APPLE",
    "headTexture": "",
    "customModelData": 30167,
    "permission": "",
    "price": 0.0,
    "saturation": 3.2258193,
    "hunger": 2.595,
    "health": 0.0,
    "commands": [],
    "recipe": {
        "shape": [
            "xxx",
            "xxx",
            "xxx"
        ],
        "materials": {
            "x": "AIR"
        },
        "craft_amount": 1
    }
}