{
    "uniqueID": "cocacola_3",
    "displayName": "&fcocacola 3",
    "description": [],
    "instantEat": false,
    "foodMaterial": "APPLE",
    "headTexture": "",
    "customModelData": 30093,
    "permission": "",
    "price": 0.0,
    "saturation": 0.98107904,
    "hunger": 1.395,
    "health": 0.0,
    "commands": [],
    "recipe": {
        "shape": [
            "xxx",
            "xxx",
            "xxx"
        ],
        "materials": {
            "x": "AIR"
        },
        "craft_amount": 1
    }
}