{
    "uniqueID": "Tea_Cup",
    "displayName": "&fTea Cup",
    "description": [],
    "instantEat": false,
    "foodMaterial": "APPLE",
    "headTexture": "",
    "customModelData": 30339,
    "permission": "",
    "price": 0.0,
    "saturation": 0.80104756,
    "hunger": 1.93,
    "health": 0.0,
    "commands": [],
    "recipe": {
        "shape": [
            "xxx",
            "xxx",
            "xxx"
        ],
        "materials": {
            "x": "AIR"
        },
        "craft_amount": 1
    }
}