{
    "uniqueID": "Premium_Shake",
    "displayName": "&fPremium Shake",
    "description": [],
    "instantEat": false,
    "foodMaterial": "APPLE",
    "headTexture": "",
    "customModelData": 30277,
    "permission": "",
    "price": 0.0,
    "saturation": 0.03593014,
    "hunger": 0.08,
    "health": 0.0,
    "commands": [],
    "recipe": {
        "shape": [
            "xxx",
            "xxx",
            "xxx"
        ],
        "materials": {
            "x": "AIR"
        },
        "craft_amount": 1
    }
}