{
    "uniqueID": "Hot_milk",
    "displayName": "&fHot milk",
    "description": [],
    "instantEat": false,
    "foodMaterial": "APPLE",
    "headTexture": "",
    "customModelData": 30171,
    "permission": "",
    "price": 0.0,
    "saturation": 0.4202311,
    "hunger": 0.45,
    "health": 0.0,
    "commands": [],
    "recipe": {
        "shape": [
            "xxx",
            "xxx",
            "xxx"
        ],
        "materials": {
            "x": "AIR"
        },
        "craft_amount": 1
    }
}