{
    "uniqueID": "Green_Smoothie",
    "displayName": "&fGreen Smoothie",
    "description": [],
    "instantEat": false,
    "foodMaterial": "APPLE",
    "headTexture": "",
    "customModelData": 30160,
    "permission": "",
    "price": 0.0,
    "saturation": 0.25747243,
    "hunger": 0.31,
    "health": 0.0,
    "commands": [],
    "recipe": {
        "shape": [
            "xxx",
            "xxx",
            "xxx"
        ],
        "materials": {
            "x": "AIR"
        },
        "craft_amount": 1
    }
}