{
    "uniqueID": "beer",
    "displayName": "&fbeer",
    "description": [],
    "instantEat": false,
    "foodMaterial": "APPLE",
    "headTexture": "",
    "customModelData": 30027,
    "permission": "",
    "price": 0.0,
    "saturation": 2.2324948,
    "hunger": 1.83,
    "health": 0.0,
    "commands": [],
    "recipe": {
        "shape": [
            "xxx",
            "xxx",
            "xxx"
        ],
        "materials": {
            "x": "AIR"
        },
        "craft_amount": 1
    }
}