{
    "uniqueID": "Came",
    "displayName": "&fCame",
    "description": [],
    "instantEat": false,
    "foodMaterial": "APPLE",
    "headTexture": "",
    "customModelData": 30051,
    "permission": "",
    "price": 0.0,
    "saturation": 0.9180731,
    "hunger": 0.74,
    "health": 0.0,
    "commands": [],
    "recipe": {
        "shape": [
            "xxx",
            "xxx",
            "xxx"
        ],
        "materials": {
            "x": "AIR"
        },
        "craft_amount": 1
    }
}