{
    "uniqueID": "Whiskey",
    "displayName": "&fWhiskey",
    "description": [],
    "instantEat": false,
    "foodMaterial": "APPLE",
    "headTexture": "",
    "customModelData": 30364,
    "permission": "",
    "price": 0.0,
    "saturation": 0.11773063,
    "hunger": 0.12,
    "health": 0.0,
    "commands": [],
    "recipe": {
        "shape": [
            "xxx",
            "xxx",
            "xxx"
        ],
        "materials": {
            "x": "AIR"
        },
        "craft_amount": 1
    }
}