{
    "uniqueID": "Java",
    "displayName": "&fJava",
    "description": [],
    "instantEat": false,
    "foodMaterial": "APPLE",
    "headTexture": "",
    "customModelData": 30178,
    "permission": "",
    "price": 0.0,
    "saturation": 1.700915,
    "hunger": 2.135,
    "health": 0.0,
    "commands": [],
    "recipe": {
        "shape": [
            "xxx",
            "xxx",
            "xxx"
        ],
        "materials": {
            "x": "AIR"
        },
        "craft_amount": 1
    }
}