{
    "uniqueID": "glass_of_milk",
    "displayName": "&fglass of milk",
    "description": [],
    "instantEat": false,
    "foodMaterial": "APPLE",
    "headTexture": "",
    "customModelData": 30149,
    "permission": "",
    "price": 0.0,
    "saturation": 0.061500013,
    "hunger": 0.16,
    "health": 0.0,
    "commands": [],
    "recipe": {
        "shape": [
            "xxx",
            "xxx",
            "xxx"
        ],
        "materials": {
            "x": "AIR"
        },
        "craft_amount": 1
    }
}