{
    "uniqueID": "Milk_bottle",
    "displayName": "&fMilk bottle",
    "description": [],
    "instantEat": false,
    "foodMaterial": "APPLE",
    "headTexture": "",
    "customModelData": 30212,
    "permission": "",
    "price": 0.0,
    "saturation": 0.40678406,
    "hunger": 0.89,
    "health": 0.0,
    "commands": [],
    "recipe": {
        "shape": [
            "xxx",
            "xxx",
            "xxx"
        ],
        "materials": {
            "x": "AIR"
        },
        "craft_amount": 1
    }
}