{
    "uniqueID": "leche",
    "displayName": "&fleche",
    "description": [],
    "instantEat": false,
    "foodMaterial": "APPLE",
    "headTexture": "",
    "customModelData": 30189,
    "permission": "",
    "price": 0.0,
    "saturation": 1.4144292,
    "hunger": 1.3525,
    "health": 0.0,
    "commands": [],
    "recipe": {
        "shape": [
            "xxx",
            "xxx",
            "xxx"
        ],
        "materials": {
            "x": "AIR"
        },
        "craft_amount": 1
    }
}