{
    "uniqueID": "Cold_coffe",
    "displayName": "&fCold coffe",
    "description": [],
    "instantEat": false,
    "foodMaterial": "APPLE",
    "headTexture": "",
    "customModelData": 30098,
    "permission": "",
    "price": 0.0,
    "saturation": 0.116704606,
    "hunger": 0.13,
    "health": 0.0,
    "commands": [],
    "recipe": {
        "shape": [
            "xxx",
            "xxx",
            "xxx"
        ],
        "materials": {
            "x": "AIR"
        },
        "craft_amount": 1
    }
}