{
    "uniqueID": "Juice_bottle",
    "displayName": "&fJuice bottle",
    "description": [],
    "instantEat": false,
    "foodMaterial": "APPLE",
    "headTexture": "",
    "customModelData": 30180,
    "permission": "",
    "price": 0.0,
    "saturation": 0.96595407,
    "hunger": 0.86,
    "health": 0.0,
    "commands": [],
    "recipe": {
        "shape": [
            "xxx",
            "xxx",
            "xxx"
        ],
        "materials": {
            "x": "AIR"
        },
        "craft_amount": 1
    }
}