{
    "uniqueID": "Latte",
    "displayName": "&fLatte",
    "description": [],
    "instantEat": false,
    "foodMaterial": "APPLE",
    "headTexture": "",
    "customModelData": 30186,
    "permission": "",
    "price": 0.0,
    "saturation": 2.7835996,
    "hunger": 2.18,
    "health": 0.0,
    "commands": [],
    "recipe": {
        "shape": [
            "xxx",
            "xxx",
            "xxx"
        ],
        "materials": {
            "x": "AIR"
        },
        "craft_amount": 1
    }
}