{
    "uniqueID": "cocacola",
    "displayName": "&fcocacola",
    "description": [],
    "instantEat": false,
    "foodMaterial": "APPLE",
    "headTexture": "",
    "customModelData": 30091,
    "permission": "",
    "price": 0.0,
    "saturation": 1.5486126,
    "hunger": 1.3925,
    "health": 0.0,
    "commands": [],
    "recipe": {
        "shape": [
            "xxx",
            "xxx",
            "xxx"
        ],
        "materials": {
            "x": "AIR"
        },
        "craft_amount": 1
    }
}