{
    "uniqueID": "Grape_juice",
    "displayName": "&fGrape juice",
    "description": [],
    "instantEat": false,
    "foodMaterial": "APPLE",
    "headTexture": "",
    "customModelData": 30151,
    "permission": "",
    "price": 0.0,
    "saturation": 0.9208556,
    "hunger": 1.1025,
    "health": 0.0,
    "commands": [],
    "recipe": {
        "shape": [
            "xxx",
            "xxx",
            "xxx"
        ],
        "materials": {
            "x": "AIR"
        },
        "craft_amount": 1
    }
}