{
    "uniqueID": "cocacola_2",
    "displayName": "&fcocacola 2",
    "description": [],
    "instantEat": false,
    "foodMaterial": "APPLE",
    "headTexture": "",
    "customModelData": 30092,
    "permission": "",
    "price": 0.0,
    "saturation": 0.84695137,
    "hunger": 1.4,
    "health": 0.0,
    "commands": [],
    "recipe": {
        "shape": [
            "xxx",
            "xxx",
            "xxx"
        ],
        "materials": {
            "x": "AIR"
        },
        "craft_amount": 1
    }
}