{
    "uniqueID": "Cucumber_smoothie",
    "displayName": "&fCucumber smoothie",
    "description": [],
    "instantEat": false,
    "foodMaterial": "APPLE",
    "headTexture": "",
    "customModelData": 30109,
    "permission": "",
    "price": 0.0,
    "saturation": 0.47884074,
    "hunger": 0.46,
    "health": 0.0,
    "commands": [],
    "recipe": {
        "shape": [
            "xxx",
            "xxx",
            "xxx"
        ],
        "materials": {
            "x": "AIR"
        },
        "craft_amount": 1
    }
}