{
    "uniqueID": "cherry_smoothie",
    "displayName": "&fcherry smoothie",
    "description": [],
    "instantEat": false,
    "foodMaterial": "APPLE",
    "headTexture": "",
    "customModelData": 30071,
    "permission": "",
    "price": 0.0,
    "saturation": 0.49234188,
    "hunger": 0.48,
    "health": 0.0,
    "commands": [],
    "recipe": {
        "shape": [
            "xxx",
            "xxx",
            "xxx"
        ],
        "materials": {
            "x": "AIR"
        },
        "craft_amount": 1
    }
}