{
    "uniqueID": "Lemon_shot",
    "displayName": "&fLemon shot",
    "description": [],
    "instantEat": false,
    "foodMaterial": "APPLE",
    "headTexture": "",
    "customModelData": 30193,
    "permission": "",
    "price": 0.0,
    "saturation": 0.05252972,
    "hunger": 0.0775,
    "health": 0.0,
    "commands": [],
    "recipe": {
        "shape": [
            "xxx",
            "xxx",
            "xxx"
        ],
        "materials": {
            "x": "AIR"
        },
        "craft_amount": 1
    }
}