{"stats":{"minecraft:picked_up":{"minecraft:feather":6,"minecraft:chicken":5,"minecraft:leather":4,"minecraft:oak_log":3,"minecraft:yellow_bed":1,"minecraft:gunpowder":2,"minecraft:cornflower":1,"minecraft:dirt":167,"minecraft:string":5,"minecraft:wheat_seeds":2,"minecraft:beef":7,"minecraft:poppy":1,"minecraft:light_gray_wool":1,"minecraft:oak_planks":1,"minecraft:stick":13,"minecraft:dandelion":1,"minecraft:porkchop":15,"minecraft:sand":2,"minecraft:trapped_chest":1,"minecraft:mossy_cobblestone":1,"minecraft:gray_wool":1,"minecraft:bread":1,"minecraft:oak_sapling":14,"minecraft:mutton":9,"minecraft:snowball":31,"minecraft:white_wool":6,"minecraft:cobblestone":1},"minecraft:custom":{"minecraft:mob_kills":35,"minecraft:leave_game":1,"minecraft:time_since_death":783,"minecraft:time_since_rest":803,"minecraft:sprint_one_cm":34950,"minecraft:damage_taken":580,"minecraft:walk_one_cm":61734,"minecraft:trigger_trapped_chest":2,"minecraft:damage_dealt":4161,"minecraft:swim_one_cm":3020,"minecraft:fly_one_cm":815679,"minecraft:open_chest":6,"minecraft:crouch_one_cm":4361,"minecraft:play_time":96768,"minecraft:deaths":4,"minecraft:sneak_time":4962,"minecraft:walk_under_water_one_cm":7044,"minecraft:jump":641,"minecraft:walk_on_water_one_cm":1800,"minecraft:total_world_time":96768,"minecraft:fall_one_cm":1861},"minecraft:killed":{"minecraft:cat":1,"minecraft:pig":8,"minecraft:spider":4,"minecraft:creeper":1,"minecraft:sheep":9,"minecraft:chicken":5,"minecraft:cow":6},"minecraft:mined":{"minecraft:seagrass":1},"minecraft:killed_by":{"minecraft:zombie":1},"minecraft:used":{"minecraft:cobblestone_stairs":32,"minecraft:iron_shovel":100,"minecraft:flint_and_steel":61,"minecraft:infested_stone":3,"minecraft:oak_planks":38,"minecraft:oak_sign":2,"minecraft:black_carpet":2,"minecraft:light_blue_terracotta":22,"minecraft:chest":1,"minecraft:sandstone":11,"minecraft:zombie_spawn_egg":20,"minecraft:glow_ink_sac":2,"minecraft:salmon":1,"minecraft:torch":4,"minecraft:dirt":112,"minecraft:sand":13,"minecraft:light_blue_concrete":48,"minecraft:tnt":7,"minecraft:light_blue_wool":47,"minecraft:stone_stairs":73,"minecraft:oak_wood":29,"minecraft:lingering_potion":2,"minecraft:snowball":50,"minecraft:blue_concrete":18,"minecraft:oak_log":4,"minecraft:wooden_axe":32,"minecraft:spruce_wood":22,"minecraft:grass_block":94,"minecraft:chicken":2,"minecraft:chicken_spawn_egg":5,"minecraft:dark_oak_wood":2,"minecraft:stone_brick_stairs":63,"minecraft:stone_bricks":76,"minecraft:item_frame":1,"minecraft:wooden_sword":5,"minecraft:potion":1,"minecraft:andesite_stairs":15,"minecraft:andesite":12,"minecraft:lapis_block":19,"minecraft:trapped_chest":2,"minecraft:red_dye":2,"minecraft:splash_potion":8}},"DataVersion":2975}