{
    "uniqueID": "Cheesecake",
    "displayName": "&fCheesecake",
    "description": [],
    "instantEat": false,
    "foodMaterial": "APPLE",
    "headTexture": "",
    "customModelData": 30060,
    "permission": "",
    "price": 0.0,
    "saturation": 2.0942774,
    "hunger": 1.6,
    "health": 0.0,
    "commands": [],
    "recipe": {
        "shape": [
            "xxx",
            "xxx",
            "xxx"
        ],
        "materials": {
            "x": "AIR"
        },
        "craft_amount": 1
    }
}