{
    "uniqueID": "Rockets_cake",
    "displayName": "&fRockets cake",
    "description": [],
    "instantEat": false,
    "foodMaterial": "APPLE",
    "headTexture": "",
    "customModelData": 30299,
    "permission": "",
    "price": 0.0,
    "saturation": 2.952627,
    "hunger": 3.09,
    "health": 0.0,
    "commands": [],
    "recipe": {
        "shape": [
            "xxx",
            "xxx",
            "xxx"
        ],
        "materials": {
            "x": "AIR"
        },
        "craft_amount": 1
    }
}