{
    "uniqueID": "Medialuna",
    "displayName": "&fMedialuna",
    "description": [],
    "instantEat": false,
    "foodMaterial": "APPLE",
    "headTexture": "",
    "customModelData": 30207,
    "permission": "",
    "price": 0.0,
    "saturation": 1.5726516,
    "hunger": 1.3,
    "health": 0.0,
    "commands": [],
    "recipe": {
        "shape": [
            "xxx",
            "xxx",
            "xxx"
        ],
        "materials": {
            "x": "AIR"
        },
        "craft_amount": 1
    }
}