{
    "uniqueID": "Homer_Donut",
    "displayName": "&fHomer Donut",
    "description": [],
    "instantEat": false,
    "foodMaterial": "APPLE",
    "headTexture": "",
    "customModelData": 30166,
    "permission": "",
    "price": 0.0,
    "saturation": 2.1376798,
    "hunger": 1.89,
    "health": 0.0,
    "commands": [],
    "recipe": {
        "shape": [
            "xxx",
            "xxx",
            "xxx"
        ],
        "materials": {
            "x": "AIR"
        },
        "craft_amount": 1
    }
}