{
    "uniqueID": "Cake_with_Cream",
    "displayName": "&fCake with Cream",
    "description": [],
    "instantEat": false,
    "foodMaterial": "APPLE",
    "headTexture": "",
    "customModelData": 30050,
    "permission": "",
    "price": 0.0,
    "saturation": 1.0824549,
    "hunger": 1.0925,
    "health": 0.0,
    "commands": [],
    "recipe": {
        "shape": [
            "xxx",
            "xxx",
            "xxx"
        ],
        "materials": {
            "x": "AIR"
        },
        "craft_amount": 1
    }
}