{
    "uniqueID": "Mexican_Cake",
    "displayName": "&fMexican Cake",
    "description": [],
    "instantEat": false,
    "foodMaterial": "APPLE",
    "headTexture": "",
    "customModelData": 30209,
    "permission": "",
    "price": 0.0,
    "saturation": 1.3353939,
    "hunger": 1.1425,
    "health": 0.0,
    "commands": [],
    "recipe": {
        "shape": [
            "xxx",
            "xxx",
            "xxx"
        ],
        "materials": {
            "x": "AIR"
        },
        "craft_amount": 1
    }
}