{
    "uniqueID": "Apple_dessert",
    "displayName": "&fApple dessert",
    "description": [],
    "instantEat": false,
    "foodMaterial": "APPLE",
    "headTexture": "",
    "customModelData": 30007,
    "permission": "",
    "price": 0.0,
    "saturation": 1.3435935,
    "hunger": 1.0825,
    "health": 0.0,
    "commands": [],
    "recipe": {
        "shape": [
            "xxx",
            "xxx",
            "xxx"
        ],
        "materials": {
            "x": "AIR"
        },
        "craft_amount": 1
    }
}
