{
    "uniqueID": "Chocolate_bar",
    "displayName": "&fChocolate bar",
    "description": [],
    "instantEat": false,
    "foodMaterial": "APPLE",
    "headTexture": "",
    "customModelData": 30084,
    "permission": "",
    "price": 0.0,
    "saturation": 1.745517,
    "hunger": 1.575,
    "health": 0.0,
    "commands": [],
    "recipe": {
        "shape": [
            "xxx",
            "xxx",
            "xxx"
        ],
        "materials": {
            "x": "AIR"
        },
        "craft_amount": 1
    }
}