{
    "uniqueID": "Pear_dessert",
    "displayName": "&fPear dessert",
    "description": [],
    "instantEat": false,
    "foodMaterial": "APPLE",
    "headTexture": "",
    "customModelData": 30243,
    "permission": "",
    "price": 0.0,
    "saturation": 0.16764362,
    "hunger": 0.21,
    "health": 0.0,
    "commands": [],
    "recipe": {
        "shape": [
            "xxx",
            "xxx",
            "xxx"
        ],
        "materials": {
            "x": "AIR"
        },
        "craft_amount": 1
    }
}