{
    "uniqueID": "Cookie",
    "displayName": "&fCookie",
    "description": [],
    "instantEat": false,
    "foodMaterial": "APPLE",
    "headTexture": "",
    "customModelData": 30099,
    "permission": "",
    "price": 0.0,
    "saturation": 2.3099618,
    "hunger": 1.79,
    "health": 0.0,
    "commands": [],
    "recipe": {
        "shape": [
            "xxx",
            "xxx",
            "xxx"
        ],
        "materials": {
            "x": "AIR"
        },
        "craft_amount": 1
    }
}