{
    "uniqueID": "Default_dessert",
    "displayName": "&fDefault dessert",
    "description": [],
    "instantEat": false,
    "foodMaterial": "APPLE",
    "headTexture": "",
    "customModelData": 30115,
    "permission": "",
    "price": 0.0,
    "saturation": 3.4860895,
    "hunger": 2.75,
    "health": 0.0,
    "commands": [],
    "recipe": {
        "shape": [
            "xxx",
            "xxx",
            "xxx"
        ],
        "materials": {
            "x": "AIR"
        },
        "craft_amount": 1
    }
}