{
    "uniqueID": "Chocolate_Cake2",
    "displayName": "&fChocolate Cake2",
    "description": [],
    "instantEat": false,
    "foodMaterial": "APPLE",
    "headTexture": "",
    "customModelData": 30086,
    "permission": "",
    "price": 0.0,
    "saturation": 1.8529471,
    "hunger": 1.85,
    "health": 0.0,
    "commands": [],
    "recipe": {
        "shape": [
            "xxx",
            "xxx",
            "xxx"
        ],
        "materials": {
            "x": "AIR"
        },
        "craft_amount": 1
    }
}