{
    "uniqueID": "Watermelon_dessert",
    "displayName": "&fWatermelon dessert",
    "description": [],
    "instantEat": false,
    "foodMaterial": "APPLE",
    "headTexture": "",
    "customModelData": 30363,
    "permission": "",
    "price": 0.0,
    "saturation": 0.24869306,
    "hunger": 0.215,
    "health": 0.0,
    "commands": [],
    "recipe": {
        "shape": [
            "xxx",
            "xxx",
            "xxx"
        ],
        "materials": {
            "x": "AIR"
        },
        "craft_amount": 1
    }
}