{
    "uniqueID": "Cherry_Cake",
    "displayName": "&fCherry Cake",
    "description": [],
    "instantEat": false,
    "foodMaterial": "APPLE",
    "headTexture": "",
    "customModelData": 30068,
    "permission": "",
    "price": 0.0,
    "saturation": 2.3186874,
    "hunger": 2.13,
    "health": 0.0,
    "commands": [],
    "recipe": {
        "shape": [
            "xxx",
            "xxx",
            "xxx"
        ],
        "materials": {
            "x": "AIR"
        },
        "craft_amount": 1
    }
}