{
    "uniqueID": "Chocolate_dessert3",
    "displayName": "&fChocolate dessert3",
    "description": [],
    "instantEat": false,
    "foodMaterial": "APPLE",
    "headTexture": "",
    "customModelData": 30089,
    "permission": "",
    "price": 0.0,
    "saturation": 2.4990084,
    "hunger": 1.95,
    "health": 0.0,
    "commands": [],
    "recipe": {
        "shape": [
            "xxx",
            "xxx",
            "xxx"
        ],
        "materials": {
            "x": "AIR"
        },
        "craft_amount": 1
    }
}