{
    "uniqueID": "Cherry_dessert",
    "displayName": "&fCherry dessert",
    "description": [],
    "instantEat": false,
    "foodMaterial": "APPLE",
    "headTexture": "",
    "customModelData": 30069,
    "permission": "",
    "price": 0.0,
    "saturation": 0.11740435,
    "hunger": 0.1025,
    "health": 0.0,
    "commands": [],
    "recipe": {
        "shape": [
            "xxx",
            "xxx",
            "xxx"
        ],
        "materials": {
            "x": "AIR"
        },
        "craft_amount": 1
    }
}