{
    "uniqueID": "Default_cake",
    "displayName": "&fDefault cake",
    "description": [],
    "instantEat": false,
    "foodMaterial": "APPLE",
    "headTexture": "",
    "customModelData": 30114,
    "permission": "",
    "price": 0.0,
    "saturation": 2.2410662,
    "hunger": 1.935,
    "health": 0.0,
    "commands": [],
    "recipe": {
        "shape": [
            "xxx",
            "xxx",
            "xxx"
        ],
        "materials": {
            "x": "AIR"
        },
        "craft_amount": 1
    }
}