{
    "uniqueID": "Chocolate_dessert2",
    "displayName": "&fChocolate dessert2",
    "description": [],
    "instantEat": false,
    "foodMaterial": "APPLE",
    "headTexture": "",
    "customModelData": 30088,
    "permission": "",
    "price": 0.0,
    "saturation": 2.6728675,
    "hunger": 2.4,
    "health": 0.0,
    "commands": [],
    "recipe": {
        "shape": [
            "xxx",
            "xxx",
            "xxx"
        ],
        "materials": {
            "x": "AIR"
        },
        "craft_amount": 1
    }
}