{
    "uniqueID": "Pancakes",
    "displayName": "&fPancakes",
    "description": [],
    "instantEat": false,
    "foodMaterial": "APPLE",
    "headTexture": "",
    "customModelData": 30233,
    "permission": "",
    "price": 0.0,
    "saturation": 1.0240347,
    "hunger": 0.9,
    "health": 0.0,
    "commands": [],
    "recipe": {
        "shape": [
            "xxx",
            "xxx",
            "xxx"
        ],
        "materials": {
            "x": "AIR"
        },
        "craft_amount": 1
    }
}