{
    "uniqueID": "Hotdog2",
    "displayName": "&fHotdog2",
    "description": [],
    "instantEat": false,
    "foodMaterial": "APPLE",
    "headTexture": "",
    "customModelData": 30169,
    "permission": "",
    "price": 0.0,
    "saturation": 0.8622482,
    "hunger": 0.7725,
    "health": 0.0,
    "commands": [],
    "recipe": {
        "shape": [
            "xxx",
            "xxx",
            "xxx"
        ],
        "materials": {
            "x": "AIR"
        },
        "craft_amount": 1
    }
}