{
    "uniqueID": "Especial_pizza",
    "displayName": "&fEspecial pizza",
    "description": [],
    "instantEat": false,
    "foodMaterial": "APPLE",
    "headTexture": "",
    "customModelData": 30134,
    "permission": "",
    "price": 0.0,
    "saturation": 1.8387539,
    "hunger": 1.55,
    "health": 0.0,
    "commands": [],
    "recipe": {
        "shape": [
            "xxx",
            "xxx",
            "xxx"
        ],
        "materials": {
            "x": "AIR"
        },
        "craft_amount": 1
    }
}