{
    "uniqueID": "Regular_burger",
    "displayName": "&fRegular burger",
    "description": [],
    "instantEat": false,
    "foodMaterial": "APPLE",
    "headTexture": "",
    "customModelData": 30293,
    "permission": "",
    "price": 0.0,
    "saturation": 0.16306117,
    "hunger": 0.1625,
    "health": 0.0,
    "commands": [],
    "recipe": {
        "shape": [
            "xxx",
            "xxx",
            "xxx"
        ],
        "materials": {
            "x": "AIR"
        },
        "craft_amount": 1
    }
}