{
    "uniqueID": "Argentinian_Empanada",
    "displayName": "&fArgentinian Empanada",
    "description": [],
    "instantEat": false,
    "foodMaterial": "APPLE",
    "headTexture": "",
    "customModelData": 30011,
    "permission": "",
    "price": 0.0,
    "saturation": 1.5190892,
    "hunger": 1.325,
    "health": 0.0,
    "commands": [],
    "recipe": {
        "shape": [
            "xxx",
            "xxx",
            "xxx"
        ],
        "materials": {
            "x": "AIR"
        },
        "craft_amount": 1
    }
}