{
    "uniqueID": "Piece_of_pizza",
    "displayName": "&fPiece of pizza",
    "description": [],
    "instantEat": false,
    "foodMaterial": "APPLE",
    "headTexture": "",
    "customModelData": 30251,
    "permission": "",
    "price": 0.0,
    "saturation": 1.6871582,
    "hunger": 1.45,
    "health": 0.0,
    "commands": [],
    "recipe": {
        "shape": [
            "xxx",
            "xxx",
            "xxx"
        ],
        "materials": {
            "x": "AIR"
        },
        "craft_amount": 1
    }
}