{
    "uniqueID": "Pig_foot",
    "displayName": "&fPig foot",
    "description": [],
    "instantEat": false,
    "foodMaterial": "APPLE",
    "headTexture": "",
    "customModelData": 30254,
    "permission": "",
    "price": 0.0,
    "saturation": 2.2227354,
    "hunger": 1.96,
    "health": 0.0,
    "commands": [],
    "recipe": {
        "shape": [
            "xxx",
            "xxx",
            "xxx"
        ],
        "materials": {
            "x": "AIR"
        },
        "craft_amount": 1
    }
}