{
    "uniqueID": "Chicken",
    "displayName": "&fChicken",
    "description": [],
    "instantEat": false,
    "foodMaterial": "APPLE",
    "headTexture": "",
    "customModelData": 30075,
    "permission": "",
    "price": 0.0,
    "saturation": 1.3450503,
    "hunger": 1.0775,
    "health": 0.0,
    "commands": [],
    "recipe": {
        "shape": [
            "xxx",
            "xxx",
            "xxx"
        ],
        "materials": {
            "x": "AIR"
        },
        "craft_amount": 1
    }
}