{
    "uniqueID": "scrambled_eggs",
    "displayName": "&fscrambled eggs",
    "description": [],
    "instantEat": false,
    "foodMaterial": "APPLE",
    "headTexture": "",
    "customModelData": 30307,
    "permission": "",
    "price": 0.0,
    "saturation": 2.0768347,
    "hunger": 1.71,
    "health": 0.0,
    "commands": [],
    "recipe": {
        "shape": [
            "xxx",
            "xxx",
            "xxx"
        ],
        "materials": {
            "x": "AIR"
        },
        "craft_amount": 1
    }
}