{
    "uniqueID": "Pizza_with_cream",
    "displayName": "&fPizza with cream",
    "description": [],
    "instantEat": false,
    "foodMaterial": "APPLE",
    "headTexture": "",
    "customModelData": 30261,
    "permission": "",
    "price": 0.0,
    "saturation": 2.0552623,
    "hunger": 2.2275,
    "health": 0.0,
    "commands": [],
    "recipe": {
        "shape": [
            "xxx",
            "xxx",
            "xxx"
        ],
        "materials": {
            "x": "AIR"
        },
        "craft_amount": 1
    }
}