{
    "uniqueID": "Large_chicken",
    "displayName": "&fLarge chicken",
    "description": [],
    "instantEat": false,
    "foodMaterial": "APPLE",
    "headTexture": "",
    "customModelData": 30183,
    "permission": "",
    "price": 0.0,
    "saturation": 2.8110185,
    "hunger": 2.27,
    "health": 0.0,
    "commands": [],
    "recipe": {
        "shape": [
            "xxx",
            "xxx",
            "xxx"
        ],
        "materials": {
            "x": "AIR"
        },
        "craft_amount": 1
    }
}