{
    "uniqueID": "Cheese",
    "displayName": "&fCheese",
    "description": [],
    "instantEat": false,
    "foodMaterial": "APPLE",
    "headTexture": "",
    "customModelData": 30059,
    "permission": "",
    "price": 0.0,
    "saturation": 2.8889935,
    "hunger": 2.26,
    "health": 0.0,
    "commands": [],
    "recipe": {
        "shape": [
            "xxx",
            "xxx",
            "xxx"
        ],
        "materials": {
            "x": "AIR"
        },
        "craft_amount": 1
    }
}