{
    "uniqueID": "Sushi",
    "displayName": "&fSushi",
    "description": [],
    "instantEat": false,
    "foodMaterial": "APPLE",
    "headTexture": "",
    "customModelData": 30333,
    "permission": "",
    "price": 0.0,
    "saturation": 1.8578485,
    "hunger": 1.53,
    "health": 0.0,
    "commands": [],
    "recipe": {
        "shape": [
            "xxx",
            "xxx",
            "xxx"
        ],
        "materials": {
            "x": "AIR"
        },
        "craft_amount": 1
    }
}