{
    "uniqueID": "pizza",
    "displayName": "&fpizza",
    "description": [],
    "instantEat": false,
    "foodMaterial": "APPLE",
    "headTexture": "",
    "customModelData": 30259,
    "permission": "",
    "price": 0.0,
    "saturation": 0.5424298,
    "hunger": 0.5475,
    "health": 0.0,
    "commands": [],
    "recipe": {
        "shape": [
            "xxx",
            "xxx",
            "xxx"
        ],
        "materials": {
            "x": "AIR"
        },
        "craft_amount": 1
    }
}