{
    "uniqueID": "Meat_omelet",
    "displayName": "&fMeat omelet",
    "description": [],
    "instantEat": false,
    "foodMaterial": "APPLE",
    "headTexture": "",
    "customModelData": 30205,
    "permission": "",
    "price": 0.0,
    "saturation": 0.19385035,
    "hunger": 0.1825,
    "health": 0.0,
    "commands": [],
    "recipe": {
        "shape": [
            "xxx",
            "xxx",
            "xxx"
        ],
        "materials": {
            "x": "AIR"
        },
        "craft_amount": 1
    }
}