{
    "uniqueID": "Meat_appetizer",
    "displayName": "&fMeat appetizer",
    "description": [],
    "instantEat": false,
    "foodMaterial": "APPLE",
    "headTexture": "",
    "customModelData": 30204,
    "permission": "",
    "price": 0.0,
    "saturation": 0.1860029,
    "hunger": 0.1625,
    "health": 0.0,
    "commands": [],
    "recipe": {
        "shape": [
            "xxx",
            "xxx",
            "xxx"
        ],
        "materials": {
            "x": "AIR"
        },
        "craft_amount": 1
    }
}