{
    "uniqueID": "Egg",
    "displayName": "&fEgg",
    "description": [],
    "instantEat": false,
    "foodMaterial": "APPLE",
    "headTexture": "",
    "customModelData": 30125,
    "permission": "",
    "price": 0.0,
    "saturation": 1.1755441,
    "hunger": 2.01,
    "health": 0.0,
    "commands": [],
    "recipe": {
        "shape": [
            "xxx",
            "xxx",
            "xxx"
        ],
        "materials": {
            "x": "AIR"
        },
        "craft_amount": 1
    }
}