{
    "uniqueID": "Pig_head",
    "displayName": "&fPig head",
    "description": [],
    "instantEat": false,
    "foodMaterial": "APPLE",
    "headTexture": "",
    "customModelData": 30255,
    "permission": "",
    "price": 0.0,
    "saturation": 2.3763072,
    "hunger": 2.26,
    "health": 0.0,
    "commands": [],
    "recipe": {
        "shape": [
            "xxx",
            "xxx",
            "xxx"
        ],
        "materials": {
            "x": "AIR"
        },
        "craft_amount": 1
    }
}