{
    "uniqueID": "Regular_pizza",
    "displayName": "&fRegular pizza",
    "description": [],
    "instantEat": false,
    "foodMaterial": "APPLE",
    "headTexture": "",
    "customModelData": 30294,
    "permission": "",
    "price": 0.0,
    "saturation": 0.40613794,
    "hunger": 0.3175,
    "health": 0.0,
    "commands": [],
    "recipe": {
        "shape": [
            "xxx",
            "xxx",
            "xxx"
        ],
        "materials": {
            "x": "AIR"
        },
        "craft_amount": 1
    }
}