{
    "uniqueID": "Pope_pumps",
    "displayName": "&fPope pumps",
    "description": [],
    "instantEat": false,
    "foodMaterial": "APPLE",
    "headTexture": "",
    "customModelData": 30264,
    "permission": "",
    "price": 0.0,
    "saturation": 0.29493678,
    "hunger": 0.265,
    "health": 0.0,
    "commands": [],
    "recipe": {
        "shape": [
            "xxx",
            "xxx",
            "xxx"
        ],
        "materials": {
            "x": "AIR"
        },
        "craft_amount": 1
    }
}