{
    "uniqueID": "Ham",
    "displayName": "&fHam",
    "description": [],
    "instantEat": false,
    "foodMaterial": "APPLE",
    "headTexture": "",
    "customModelData": 30163,
    "permission": "",
    "price": 0.0,
    "saturation": 1.9862545,
    "hunger": 1.84,
    "health": 0.0,
    "commands": [],
    "recipe": {
        "shape": [
            "xxx",
            "xxx",
            "xxx"
        ],
        "materials": {
            "x": "AIR"
        },
        "craft_amount": 1
    }
}