{
    "uniqueID": "Bread",
    "displayName": "&fBread",
    "description": [],
    "instantEat": false,
    "foodMaterial": "APPLE",
    "headTexture": "",
    "customModelData": 30034,
    "permission": "",
    "price": 0.0,
    "saturation": 0.9888017,
    "hunger": 0.9425,
    "health": 0.0,
    "commands": [],
    "recipe": {
        "shape": [
            "xxx",
            "xxx",
            "xxx"
        ],
        "materials": {
            "x": "AIR"
        },
        "craft_amount": 1
    }
}