{
    "uniqueID": "Premium_pizza",
    "displayName": "&fPremium pizza",
    "description": [],
    "instantEat": false,
    "foodMaterial": "APPLE",
    "headTexture": "",
    "customModelData": 30276,
    "permission": "",
    "price": 0.0,
    "saturation": 1.1698387,
    "hunger": 1.06,
    "health": 0.0,
    "commands": [],
    "recipe": {
        "shape": [
            "xxx",
            "xxx",
            "xxx"
        ],
        "materials": {
            "x": "AIR"
        },
        "craft_amount": 1
    }
}