{
    "uniqueID": "Split_pizza",
    "displayName": "&fSplit pizza",
    "description": [],
    "instantEat": false,
    "foodMaterial": "APPLE",
    "headTexture": "",
    "customModelData": 30318,
    "permission": "",
    "price": 0.0,
    "saturation": 1.2949502,
    "hunger": 1.08,
    "health": 0.0,
    "commands": [],
    "recipe": {
        "shape": [
            "xxx",
            "xxx",
            "xxx"
        ],
        "materials": {
            "x": "AIR"
        },
        "craft_amount": 1
    }
}