{
    "uniqueID": "Ramen2",
    "displayName": "&fRamen2",
    "description": [],
    "instantEat": false,
    "foodMaterial": "APPLE",
    "headTexture": "",
    "customModelData": 30285,
    "permission": "",
    "price": 0.0,
    "saturation": 1.6076018,
    "hunger": 1.64,
    "health": 0.0,
    "commands": [],
    "recipe": {
        "shape": [
            "xxx",
            "xxx",
            "xxx"
        ],
        "materials": {
            "x": "AIR"
        },
        "craft_amount": 1
    }
}