{
    "uniqueID": "Homemade_bread",
    "displayName": "&fHomemade bread",
    "description": [],
    "instantEat": false,
    "foodMaterial": "APPLE",
    "headTexture": "",
    "customModelData": 30165,
    "permission": "",
    "price": 0.0,
    "saturation": 1.7569622,
    "hunger": 1.92,
    "health": 0.0,
    "commands": [],
    "recipe": {
        "shape": [
            "xxx",
            "xxx",
            "xxx"
        ],
        "materials": {
            "x": "AIR"
        },
        "craft_amount": 1
    }
}