{
    "uniqueID": "Onigiri",
    "displayName": "&fOnigiri",
    "description": [],
    "instantEat": false,
    "foodMaterial": "APPLE",
    "headTexture": "",
    "customModelData": 30227,
    "permission": "",
    "price": 0.0,
    "saturation": 0.5139423,
    "hunger": 1.22,
    "health": 0.0,
    "commands": [],
    "recipe": {
        "shape": [
            "xxx",
            "xxx",
            "xxx"
        ],
        "materials": {
            "x": "AIR"
        },
        "craft_amount": 1
    }
}