{
    "uniqueID": "Cow_meat",
    "displayName": "&fCow meat",
    "description": [],
    "instantEat": false,
    "foodMaterial": "APPLE",
    "headTexture": "",
    "customModelData": 30105,
    "permission": "",
    "price": 0.0,
    "saturation": 2.464407,
    "hunger": 1.9,
    "health": 0.0,
    "commands": [],
    "recipe": {
        "shape": [
            "xxx",
            "xxx",
            "xxx"
        ],
        "materials": {
            "x": "AIR"
        },
        "craft_amount": 1
    }
}