{
    "uniqueID": "Red_cake",
    "displayName": "&fRed cake",
    "description": [],
    "instantEat": false,
    "foodMaterial": "APPLE",
    "headTexture": "",
    "customModelData": 30288,
    "permission": "",
    "price": 0.0,
    "saturation": 2.8489377,
    "hunger": 2.14,
    "health": 0.0,
    "commands": [],
    "recipe": {
        "shape": [
            "xxx",
            "xxx",
            "xxx"
        ],
        "materials": {
            "x": "AIR"
        },
        "craft_amount": 1
    }
}