{
    "uniqueID": "Sashimi",
    "displayName": "&fSashimi",
    "description": [],
    "instantEat": false,
    "foodMaterial": "APPLE",
    "headTexture": "",
    "customModelData": 30305,
    "permission": "",
    "price": 0.0,
    "saturation": 2.441222,
    "hunger": 2.08,
    "health": 0.0,
    "commands": [],
    "recipe": {
        "shape": [
            "xxx",
            "xxx",
            "xxx"
        ],
        "materials": {
            "x": "AIR"
        },
        "craft_amount": 1
    }
}