{
    "uniqueID": "default_sausage",
    "displayName": "&fdefault sausage",
    "description": [],
    "instantEat": false,
    "foodMaterial": "APPLE",
    "headTexture": "",
    "customModelData": 30119,
    "permission": "",
    "price": 0.0,
    "saturation": 2.1406307,
    "hunger": 1.61,
    "health": 0.0,
    "commands": [],
    "recipe": {
        "shape": [
            "xxx",
            "xxx",
            "xxx"
        ],
        "materials": {
            "x": "AIR"
        },
        "craft_amount": 1
    }
}