{
    "uniqueID": "Sandwich",
    "displayName": "&fSandwich",
    "description": [],
    "instantEat": false,
    "foodMaterial": "APPLE",
    "headTexture": "",
    "customModelData": 30304,
    "permission": "",
    "price": 0.0,
    "saturation": 0.8589909,
    "hunger": 0.85,
    "health": 0.0,
    "commands": [],
    "recipe": {
        "shape": [
            "xxx",
            "xxx",
            "xxx"
        ],
        "materials": {
            "x": "AIR"
        },
        "craft_amount": 1
    }
}