{
    "uniqueID": "Pumpkin_cake",
    "displayName": "&fPumpkin cake",
    "description": [],
    "instantEat": false,
    "foodMaterial": "APPLE",
    "headTexture": "",
    "customModelData": 30280,
    "permission": "",
    "price": 0.0,
    "saturation": 3.3002443,
    "hunger": 2.505,
    "health": 0.0,
    "commands": [],
    "recipe": {
        "shape": [
            "xxx",
            "xxx",
            "xxx"
        ],
        "materials": {
            "x": "AIR"
        },
        "craft_amount": 1
    }
}