{
    "uniqueID": "Chicken3",
    "displayName": "&fChicken3",
    "description": [],
    "instantEat": false,
    "foodMaterial": "APPLE",
    "headTexture": "",
    "customModelData": 30076,
    "permission": "",
    "price": 0.0,
    "saturation": 1.45454,
    "hunger": 1.23,
    "health": 0.0,
    "commands": [],
    "recipe": {
        "shape": [
            "xxx",
            "xxx",
            "xxx"
        ],
        "materials": {
            "x": "AIR"
        },
        "craft_amount": 1
    }
}