{
    "uniqueID": "Cow_foot",
    "displayName": "&fCow foot",
    "description": [],
    "instantEat": false,
    "foodMaterial": "APPLE",
    "headTexture": "",
    "customModelData": 30104,
    "permission": "",
    "price": 0.0,
    "saturation": 2.3649364,
    "hunger": 2.01,
    "health": 0.0,
    "commands": [],
    "recipe": {
        "shape": [
            "xxx",
            "xxx",
            "xxx"
        ],
        "materials": {
            "x": "AIR"
        },
        "craft_amount": 1
    }
}