{
    "uniqueID": "Vegetable_soup",
    "displayName": "&fVegetable soup",
    "description": [],
    "instantEat": false,
    "foodMaterial": "APPLE",
    "headTexture": "",
    "customModelData": 30355,
    "permission": "",
    "price": 0.0,
    "saturation": 0.6591359,
    "hunger": 0.67,
    "health": 0.0,
    "commands": [],
    "recipe": {
        "shape": [
            "xxx",
            "xxx",
            "xxx"
        ],
        "materials": {
            "x": "AIR"
        },
        "craft_amount": 1
    }
}