{
    "uniqueID": "Salmon",
    "displayName": "&fSalmon",
    "description": [],
    "instantEat": false,
    "foodMaterial": "APPLE",
    "headTexture": "",
    "customModelData": 30301,
    "permission": "",
    "price": 0.0,
    "saturation": 0.62425226,
    "hunger": 0.61,
    "health": 0.0,
    "commands": [],
    "recipe": {
        "shape": [
            "xxx",
            "xxx",
            "xxx"
        ],
        "materials": {
            "x": "AIR"
        },
        "craft_amount": 1
    }
}