{
    "uniqueID": "Caviar",
    "displayName": "&fCaviar",
    "description": [],
    "instantEat": false,
    "foodMaterial": "APPLE",
    "headTexture": "",
    "customModelData": 30055,
    "permission": "",
    "price": 0.0,
    "saturation": 1.4920732,
    "hunger": 2.0975,
    "health": 0.0,
    "commands": [],
    "recipe": {
        "shape": [
            "xxx",
            "xxx",
            "xxx"
        ],
        "materials": {
            "x": "AIR"
        },
        "craft_amount": 1
    }
}