{
    "uniqueID": "Pepperoni_pizza",
    "displayName": "&fPepperoni pizza",
    "description": [],
    "instantEat": false,
    "foodMaterial": "APPLE",
    "headTexture": "",
    "customModelData": 30246,
    "permission": "",
    "price": 0.0,
    "saturation": 1.5307868,
    "hunger": 1.35,
    "health": 0.0,
    "commands": [],
    "recipe": {
        "shape": [
            "xxx",
            "xxx",
            "xxx"
        ],
        "materials": {
            "x": "AIR"
        },
        "craft_amount": 1
    }
}