{
    "uniqueID": "Hamburger",
    "displayName": "&fHamburger",
    "description": [],
    "instantEat": false,
    "foodMaterial": "APPLE",
    "headTexture": "",
    "customModelData": 30164,
    "permission": "",
    "price": 0.0,
    "saturation": 0.58578527,
    "hunger": 0.52,
    "health": 0.0,
    "commands": [],
    "recipe": {
        "shape": [
            "xxx",
            "xxx",
            "xxx"
        ],
        "materials": {
            "x": "AIR"
        },
        "craft_amount": 1
    }
}