{
    "uniqueID": "Default_hotdog",
    "displayName": "&fDefault hotdog",
    "description": [],
    "instantEat": false,
    "foodMaterial": "APPLE",
    "headTexture": "",
    "customModelData": 30116,
    "permission": "",
    "price": 0.0,
    "saturation": 2.4367623,
    "hunger": 1.76,
    "health": 0.0,
    "commands": [],
    "recipe": {
        "shape": [
            "xxx",
            "xxx",
            "xxx"
        ],
        "materials": {
            "x": "AIR"
        },
        "craft_amount": 1
    }
}