{
    "uniqueID": "Empanadas",
    "displayName": "&fEmpanadas",
    "description": [],
    "instantEat": false,
    "foodMaterial": "APPLE",
    "headTexture": "",
    "customModelData": 30131,
    "permission": "",
    "price": 0.0,
    "saturation": 1.4782284,
    "hunger": 1.3275,
    "health": 0.0,
    "commands": [],
    "recipe": {
        "shape": [
            "xxx",
            "xxx",
            "xxx"
        ],
        "materials": {
            "x": "AIR"
        },
        "craft_amount": 1
    }
}