{
    "uniqueID": "Rice_Bowl",
    "displayName": "&fRice Bowl",
    "description": [],
    "instantEat": false,
    "foodMaterial": "APPLE",
    "headTexture": "",
    "customModelData": 30295,
    "permission": "",
    "price": 0.0,
    "saturation": 1.6804087,
    "hunger": 2.21,
    "health": 0.0,
    "commands": [],
    "recipe": {
        "shape": [
            "xxx",
            "xxx",
            "xxx"
        ],
        "materials": {
            "x": "AIR"
        },
        "craft_amount": 1
    }
}