{
    "uniqueID": "Oshizushi",
    "displayName": "&fOshizushi",
    "description": [],
    "instantEat": false,
    "foodMaterial": "APPLE",
    "headTexture": "",
    "customModelData": 30232,
    "permission": "",
    "price": 0.0,
    "saturation": 0.6742639,
    "hunger": 0.6775,
    "health": 0.0,
    "commands": [],
    "recipe": {
        "shape": [
            "xxx",
            "xxx",
            "xxx"
        ],
        "materials": {
            "x": "AIR"
        },
        "craft_amount": 1
    }
}