{
    "uniqueID": "frie_eggs",
    "displayName": "&ffrie eggs",
    "description": [],
    "instantEat": false,
    "foodMaterial": "APPLE",
    "headTexture": "",
    "customModelData": 30144,
    "permission": "",
    "price": 0.0,
    "saturation": 1.6921597,
    "hunger": 1.47,
    "health": 0.0,
    "commands": [],
    "recipe": {
        "shape": [
            "xxx",
            "xxx",
            "xxx"
        ],
        "materials": {
            "x": "AIR"
        },
        "craft_amount": 1
    }
}