{
    "uniqueID": "Fish_Tail",
    "displayName": "&fFish Tail",
    "description": [],
    "instantEat": false,
    "foodMaterial": "APPLE",
    "headTexture": "",
    "customModelData": 30137,
    "permission": "",
    "price": 0.0,
    "saturation": 1.1249012,
    "hunger": 1.62,
    "health": 0.0,
    "commands": [],
    "recipe": {
        "shape": [
            "xxx",
            "xxx",
            "xxx"
        ],
        "materials": {
            "x": "AIR"
        },
        "craft_amount": 1
    }
}