{
    "uniqueID": "Olive_salad",
    "displayName": "&fOlive salad",
    "description": [],
    "instantEat": false,
    "foodMaterial": "APPLE",
    "headTexture": "",
    "customModelData": 30225,
    "permission": "",
    "price": 0.0,
    "saturation": 0.61623263,
    "hunger": 0.64,
    "health": 0.0,
    "commands": [],
    "recipe": {
        "shape": [
            "xxx",
            "xxx",
            "xxx"
        ],
        "materials": {
            "x": "AIR"
        },
        "craft_amount": 1
    }
}