{
    "uniqueID": "Burrito",
    "displayName": "&fBurrito",
    "description": [],
    "instantEat": false,
    "foodMaterial": "APPLE",
    "headTexture": "",
    "customModelData": 30040,
    "permission": "",
    "price": 0.0,
    "saturation": 0.9203802,
    "hunger": 0.99,
    "health": 0.0,
    "commands": [],
    "recipe": {
        "shape": [
            "xxx",
            "xxx",
            "xxx"
        ],
        "materials": {
            "x": "AIR"
        },
        "craft_amount": 1
    }
}