{
    "uniqueID": "Taco",
    "displayName": "&fTaco",
    "description": [],
    "instantEat": false,
    "foodMaterial": "APPLE",
    "headTexture": "",
    "customModelData": 30337,
    "permission": "",
    "price": 0.0,
    "saturation": 0.56718606,
    "hunger": 0.5625,
    "health": 0.0,
    "commands": [],
    "recipe": {
        "shape": [
            "xxx",
            "xxx",
            "xxx"
        ],
        "materials": {
            "x": "AIR"
        },
        "craft_amount": 1
    }
}