{
    "uniqueID": "Omurise",
    "displayName": "&fOmurise",
    "description": [],
    "instantEat": false,
    "foodMaterial": "APPLE",
    "headTexture": "",
    "customModelData": 30226,
    "permission": "",
    "price": 0.0,
    "saturation": 2.0231519,
    "hunger": 1.99,
    "health": 0.0,
    "commands": [],
    "recipe": {
        "shape": [
            "xxx",
            "xxx",
            "xxx"
        ],
        "materials": {
            "x": "AIR"
        },
        "craft_amount": 1
    }
}