{
    "uniqueID": "Toasts_with_cheese",
    "displayName": "&fToasts with cheese",
    "description": [],
    "instantEat": false,
    "foodMaterial": "APPLE",
    "headTexture": "",
    "customModelData": 30343,
    "permission": "",
    "price": 0.0,
    "saturation": 0.50849164,
    "hunger": 0.48,
    "health": 0.0,
    "commands": [],
    "recipe": {
        "shape": [
            "xxx",
            "xxx",
            "xxx"
        ],
        "materials": {
            "x": "AIR"
        },
        "craft_amount": 1
    }
}