{
    "uniqueID": "Meatball",
    "displayName": "&fMeatball",
    "description": [],
    "instantEat": false,
    "foodMaterial": "APPLE",
    "headTexture": "",
    "customModelData": 30202,
    "permission": "",
    "price": 0.0,
    "saturation": 0.42667234,
    "hunger": 0.39,
    "health": 0.0,
    "commands": [],
    "recipe": {
        "shape": [
            "xxx",
            "xxx",
            "xxx"
        ],
        "materials": {
            "x": "AIR"
        },
        "craft_amount": 1
    }
}