{
    "uniqueID": "Crab_legs",
    "displayName": "&fCrab legs",
    "description": [],
    "instantEat": false,
    "foodMaterial": "APPLE",
    "headTexture": "",
    "customModelData": 30107,
    "permission": "",
    "price": 0.0,
    "saturation": 0.22466303,
    "hunger": 0.255,
    "health": 0.0,
    "commands": [],
    "recipe": {
        "shape": [
            "xxx",
            "xxx",
            "xxx"
        ],
        "materials": {
            "x": "AIR"
        },
        "craft_amount": 1
    }
}