{
    "uniqueID": "Chinese_pizza",
    "displayName": "&fChinese pizza",
    "description": [],
    "instantEat": false,
    "foodMaterial": "APPLE",
    "headTexture": "",
    "customModelData": 30080,
    "permission": "",
    "price": 0.0,
    "saturation": 1.0443681,
    "hunger": 0.975,
    "health": 0.0,
    "commands": [],
    "recipe": {
        "shape": [
            "xxx",
            "xxx",
            "xxx"
        ],
        "materials": {
            "x": "AIR"
        },
        "craft_amount": 1
    }
}