{
    "uniqueID": "Cheesse",
    "displayName": "&fCheesse",
    "description": [],
    "instantEat": false,
    "foodMaterial": "APPLE",
    "headTexture": "",
    "customModelData": 30064,
    "permission": "",
    "price": 0.0,
    "saturation": 0.8982172,
    "hunger": 0.67,
    "health": 0.0,
    "commands": [],
    "recipe": {
        "shape": [
            "xxx",
            "xxx",
            "xxx"
        ],
        "materials": {
            "x": "AIR"
        },
        "craft_amount": 1
    }
}