{
    "uniqueID": "Baked_pizza",
    "displayName": "&fBaked pizza",
    "description": [],
    "instantEat": false,
    "foodMaterial": "APPLE",
    "headTexture": "",
    "customModelData": 30015,
    "permission": "",
    "price": 0.0,
    "saturation": 1.5752631,
    "hunger": 1.4725,
    "health": 0.0,
    "commands": [],
    "recipe": {
        "shape": [
            "xxx",
            "xxx",
            "xxx"
        ],
        "materials": {
            "x": "AIR"
        },
        "craft_amount": 1
    }
}