{
    "uniqueID": "Meatloaf",
    "displayName": "&fMeatloaf",
    "description": [],
    "instantEat": false,
    "foodMaterial": "APPLE",
    "headTexture": "",
    "customModelData": 30203,
    "permission": "",
    "price": 0.0,
    "saturation": 2.738538,
    "hunger": 2.06,
    "health": 0.0,
    "commands": [],
    "recipe": {
        "shape": [
            "xxx",
            "xxx",
            "xxx"
        ],
        "materials": {
            "x": "AIR"
        },
        "craft_amount": 1
    }
}