{
    "uniqueID": "Mushrooms",
    "displayName": "&fMushrooms",
    "description": [],
    "instantEat": false,
    "foodMaterial": "APPLE",
    "headTexture": "",
    "customModelData": 30219,
    "permission": "",
    "price": 0.0,
    "saturation": 0.25967878,
    "hunger": 0.395,
    "health": 0.0,
    "commands": [],
    "recipe": {
        "shape": [
            "xxx",
            "xxx",
            "xxx"
        ],
        "materials": {
            "x": "AIR"
        },
        "craft_amount": 1
    }
}