{
    "uniqueID": "seashell",
    "displayName": "&fseashell",
    "description": [],
    "instantEat": false,
    "foodMaterial": "APPLE",
    "headTexture": "",
    "customModelData": 30308,
    "permission": "",
    "price": 0.0,
    "saturation": 1.6259356,
    "hunger": 1.6675,
    "health": 0.0,
    "commands": [],
    "recipe": {
        "shape": [
            "xxx",
            "xxx",
            "xxx"
        ],
        "materials": {
            "x": "AIR"
        },
        "craft_amount": 1
    }
}