{
    "uniqueID": "Default_burger",
    "displayName": "&fDefault burger",
    "description": [],
    "instantEat": false,
    "foodMaterial": "APPLE",
    "headTexture": "",
    "customModelData": 30112,
    "permission": "",
    "price": 0.0,
    "saturation": 3.2490773,
    "hunger": 2.48,
    "health": 0.0,
    "commands": [],
    "recipe": {
        "shape": [
            "xxx",
            "xxx",
            "xxx"
        ],
        "materials": {
            "x": "AIR"
        },
        "craft_amount": 1
    }
}