{
    "uniqueID": "baked_potato",
    "displayName": "&fbaked potato",
    "description": [],
    "instantEat": false,
    "foodMaterial": "APPLE",
    "headTexture": "",
    "customModelData": 30016,
    "permission": "",
    "price": 0.0,
    "saturation": 1.6602091,
    "hunger": 1.35,
    "health": 0.0,
    "commands": [],
    "recipe": {
        "shape": [
            "xxx",
            "xxx",
            "xxx"
        ],
        "materials": {
            "x": "AIR"
        },
        "craft_amount": 1
    }
}