{
    "uniqueID": "pork_rib",
    "displayName": "&fpork rib",
    "description": [],
    "instantEat": false,
    "foodMaterial": "APPLE",
    "headTexture": "",
    "customModelData": 30266,
    "permission": "",
    "price": 0.0,
    "saturation": 2.0751147,
    "hunger": 1.83,
    "health": 0.0,
    "commands": [],
    "recipe": {
        "shape": [
            "xxx",
            "xxx",
            "xxx"
        ],
        "materials": {
            "x": "AIR"
        },
        "craft_amount": 1
    }
}