{
    "uniqueID": "Default_sandwich",
    "displayName": "&fDefault sandwich",
    "description": [],
    "instantEat": false,
    "foodMaterial": "APPLE",
    "headTexture": "",
    "customModelData": 30118,
    "permission": "",
    "price": 0.0,
    "saturation": 2.8165333,
    "hunger": 2.385,
    "health": 0.0,
    "commands": [],
    "recipe": {
        "shape": [
            "xxx",
            "xxx",
            "xxx"
        ],
        "materials": {
            "x": "AIR"
        },
        "craft_amount": 1
    }
}