{
    "uniqueID": "Chicken_foot",
    "displayName": "&fChicken foot",
    "description": [],
    "instantEat": false,
    "foodMaterial": "APPLE",
    "headTexture": "",
    "customModelData": 30078,
    "permission": "",
    "price": 0.0,
    "saturation": 2.0678205,
    "hunger": 1.8,
    "health": 0.0,
    "commands": [],
    "recipe": {
        "shape": [
            "xxx",
            "xxx",
            "xxx"
        ],
        "materials": {
            "x": "AIR"
        },
        "craft_amount": 1
    }
}