{
    "uniqueID": "prawn_skewer",
    "displayName": "&fprawn skewer",
    "description": [],
    "instantEat": false,
    "foodMaterial": "APPLE",
    "headTexture": "",
    "customModelData": 30274,
    "permission": "",
    "price": 0.0,
    "saturation": 1.3367947,
    "hunger": 1.2775,
    "health": 0.0,
    "commands": [],
    "recipe": {
        "shape": [
            "xxx",
            "xxx",
            "xxx"
        ],
        "materials": {
            "x": "AIR"
        },
        "craft_amount": 1
    }
}