{
    "uniqueID": "Pizza_with_olives",
    "displayName": "&fPizza with olives",
    "description": [],
    "instantEat": false,
    "foodMaterial": "APPLE",
    "headTexture": "",
    "customModelData": 30262,
    "permission": "",
    "price": 0.0,
    "saturation": 1.693103,
    "hunger": 1.43,
    "health": 0.0,
    "commands": [],
    "recipe": {
        "shape": [
            "xxx",
            "xxx",
            "xxx"
        ],
        "materials": {
            "x": "AIR"
        },
        "craft_amount": 1
    }
}