{
    "uniqueID": "Pork_meat",
    "displayName": "&fPork meat",
    "description": [],
    "instantEat": false,
    "foodMaterial": "APPLE",
    "headTexture": "",
    "customModelData": 30265,
    "permission": "",
    "price": 0.0,
    "saturation": 2.168785,
    "hunger": 1.9,
    "health": 0.0,
    "commands": [],
    "recipe": {
        "shape": [
            "xxx",
            "xxx",
            "xxx"
        ],
        "materials": {
            "x": "AIR"
        },
        "craft_amount": 1
    }
}