{
    "uniqueID": "Cheese_pizza",
    "displayName": "&fCheese pizza",
    "description": [],
    "instantEat": false,
    "foodMaterial": "APPLE",
    "headTexture": "",
    "customModelData": 30061,
    "permission": "",
    "price": 0.0,
    "saturation": 1.8580139,
    "hunger": 1.5525,
    "health": 0.0,
    "commands": [],
    "recipe": {
        "shape": [
            "xxx",
            "xxx",
            "xxx"
        ],
        "materials": {
            "x": "AIR"
        },
        "craft_amount": 1
    }
}