{
    "uniqueID": "Tomato_and_cheese_pizza",
    "displayName": "&fTomato and cheese pizza",
    "description": [],
    "instantEat": false,
    "foodMaterial": "APPLE",
    "headTexture": "",
    "customModelData": 30347,
    "permission": "",
    "price": 0.0,
    "saturation": 1.6288176,
    "hunger": 1.44,
    "health": 0.0,
    "commands": [],
    "recipe": {
        "shape": [
            "xxx",
            "xxx",
            "xxx"
        ],
        "materials": {
            "x": "AIR"
        },
        "craft_amount": 1
    }
}