{
    "uniqueID": "Chicken_breast",
    "displayName": "&fChicken breast",
    "description": [],
    "instantEat": false,
    "foodMaterial": "APPLE",
    "headTexture": "",
    "customModelData": 30077,
    "permission": "",
    "price": 0.0,
    "saturation": 0.44931582,
    "hunger": 0.47,
    "health": 0.0,
    "commands": [],
    "recipe": {
        "shape": [
            "xxx",
            "xxx",
            "xxx"
        ],
        "materials": {
            "x": "AIR"
        },
        "craft_amount": 1
    }
}