{
    "uniqueID": "Meat_sandwich",
    "displayName": "&fMeat sandwich",
    "description": [],
    "instantEat": false,
    "foodMaterial": "APPLE",
    "headTexture": "",
    "customModelData": 30206,
    "permission": "",
    "price": 0.0,
    "saturation": 1.2208419,
    "hunger": 1.06,
    "health": 0.0,
    "commands": [],
    "recipe": {
        "shape": [
            "xxx",
            "xxx",
            "xxx"
        ],
        "materials": {
            "x": "AIR"
        },
        "craft_amount": 1
    }
}