{
    "uniqueID": "Sushi_Rolls",
    "displayName": "&fSushi Rolls",
    "description": [],
    "instantEat": false,
    "foodMaterial": "APPLE",
    "headTexture": "",
    "customModelData": 30334,
    "permission": "",
    "price": 0.0,
    "saturation": 2.0836015,
    "hunger": 1.91,
    "health": 0.0,
    "commands": [],
    "recipe": {
        "shape": [
            "xxx",
            "xxx",
            "xxx"
        ],
        "materials": {
            "x": "AIR"
        },
        "craft_amount": 1
    }
}