{
    "uniqueID": "Lobster",
    "displayName": "&fLobster",
    "description": [],
    "instantEat": false,
    "foodMaterial": "APPLE",
    "headTexture": "",
    "customModelData": 30195,
    "permission": "",
    "price": 0.0,
    "saturation": 2.8880777,
    "hunger": 2.1575,
    "health": 0.0,
    "commands": [],
    "recipe": {
        "shape": [
            "xxx",
            "xxx",
            "xxx"
        ],
        "materials": {
            "x": "AIR"
        },
        "craft_amount": 1
    }
}