{
    "uniqueID": "Tomato_Omelet",
    "displayName": "&fTomato Omelet",
    "description": [],
    "instantEat": false,
    "foodMaterial": "APPLE",
    "headTexture": "",
    "customModelData": 30348,
    "permission": "",
    "price": 0.0,
    "saturation": 0.205476,
    "hunger": 0.2025,
    "health": 0.0,
    "commands": [],
    "recipe": {
        "shape": [
            "xxx",
            "xxx",
            "xxx"
        ],
        "materials": {
            "x": "AIR"
        },
        "craft_amount": 1
    }
}