{
    "uniqueID": "fried_burger",
    "displayName": "&ffried burger",
    "description": [],
    "instantEat": false,
    "foodMaterial": "APPLE",
    "headTexture": "",
    "customModelData": 30142,
    "permission": "",
    "price": 0.0,
    "saturation": 1.3000389,
    "hunger": 1.2475,
    "health": 0.0,
    "commands": [],
    "recipe": {
        "shape": [
            "xxx",
            "xxx",
            "xxx"
        ],
        "materials": {
            "x": "AIR"
        },
        "craft_amount": 1
    }
}