{
    "uniqueID": "Toast",
    "displayName": "&fToast",
    "description": [],
    "instantEat": false,
    "foodMaterial": "APPLE",
    "headTexture": "",
    "customModelData": 30341,
    "permission": "",
    "price": 0.0,
    "saturation": 2.057025,
    "hunger": 1.63,
    "health": 0.0,
    "commands": [],
    "recipe": {
        "shape": [
            "xxx",
            "xxx",
            "xxx"
        ],
        "materials": {
            "x": "AIR"
        },
        "craft_amount": 1
    }
}