{
    "uniqueID": "Tofu",
    "displayName": "&fTofu",
    "description": [],
    "instantEat": false,
    "foodMaterial": "APPLE",
    "headTexture": "",
    "customModelData": 30344,
    "permission": "",
    "price": 0.0,
    "saturation": 0.42951214,
    "hunger": 0.32,
    "health": 0.0,
    "commands": [],
    "recipe": {
        "shape": [
            "xxx",
            "xxx",
            "xxx"
        ],
        "materials": {
            "x": "AIR"
        },
        "craft_amount": 1
    }
}