{
    "uniqueID": "Fried_Rice",
    "displayName": "&fFried Rice",
    "description": [],
    "instantEat": false,
    "foodMaterial": "APPLE",
    "headTexture": "",
    "customModelData": 30143,
    "permission": "",
    "price": 0.0,
    "saturation": 2.595159,
    "hunger": 2.11,
    "health": 0.0,
    "commands": [],
    "recipe": {
        "shape": [
            "xxx",
            "xxx",
            "xxx"
        ],
        "materials": {
            "x": "AIR"
        },
        "craft_amount": 1
    }
}