{
    "uniqueID": "Apple_ice_cream",
    "displayName": "&fApple ice cream",
    "description": [],
    "instantEat": false,
    "foodMaterial": "APPLE",
    "headTexture": "",
    "customModelData": 30008,
    "permission": "",
    "price": 0.0,
    "saturation": 0.8130522,
    "hunger": 0.615,
    "health": 0.0,
    "commands": [],
    "recipe": {
        "shape": [
            "xxx",
            "xxx",
            "xxx"
        ],
        "materials": {
            "x": "AIR"
        },
        "craft_amount": 1
    }
}