{
    "uniqueID": "Radioactive_icecream",
    "displayName": "&fRadioactive icecream",
    "description": [],
    "instantEat": false,
    "foodMaterial": "APPLE",
    "headTexture": "",
    "customModelData": 30283,
    "permission": "",
    "price": 0.0,
    "saturation": 2.7551367,
    "hunger": 1.975,
    "health": 0.0,
    "commands": [],
    "recipe": {
        "shape": [
            "xxx",
            "xxx",
            "xxx"
        ],
        "materials": {
            "x": "AIR"
        },
        "craft_amount": 1
    }
}