{
    "uniqueID": "Pretzel2",
    "displayName": "&fPretzel2",
    "description": [],
    "instantEat": false,
    "foodMaterial": "APPLE",
    "headTexture": "",
    "customModelData": 30279,
    "permission": "",
    "price": 0.0,
    "saturation": 2.3194299,
    "hunger": 1.95,
    "health": 0.0,
    "commands": [],
    "recipe": {
        "shape": [
            "xxx",
            "xxx",
            "xxx"
        ],
        "materials": {
            "x": "AIR"
        },
        "craft_amount": 1
    }
}