{
    "uniqueID": "Sundae",
    "displayName": "&fSundae",
    "description": [],
    "instantEat": false,
    "foodMaterial": "APPLE",
    "headTexture": "",
    "customModelData": 30332,
    "permission": "",
    "price": 0.0,
    "saturation": 1.0457059,
    "hunger": 1.24,
    "health": 0.0,
    "commands": [],
    "recipe": {
        "shape": [
            "xxx",
            "xxx",
            "xxx"
        ],
        "materials": {
            "x": "AIR"
        },
        "craft_amount": 1
    }
}