{
    "uniqueID": "Sweet",
    "displayName": "&fSweet",
    "description": [],
    "instantEat": false,
    "foodMaterial": "APPLE",
    "headTexture": "",
    "customModelData": 30335,
    "permission": "",
    "price": 0.0,
    "saturation": 1.3712009,
    "hunger": 1.54,
    "health": 0.0,
    "commands": [],
    "recipe": {
        "shape": [
            "xxx",
            "xxx",
            "xxx"
        ],
        "materials": {
            "x": "AIR"
        },
        "craft_amount": 1
    }
}