{
    "uniqueID": "Stick_ice_cream",
    "displayName": "&fStick ice cream",
    "description": [],
    "instantEat": false,
    "foodMaterial": "APPLE",
    "headTexture": "",
    "customModelData": 30322,
    "permission": "",
    "price": 0.0,
    "saturation": 0.82351625,
    "hunger": 0.79,
    "health": 0.0,
    "commands": [],
    "recipe": {
        "shape": [
            "xxx",
            "xxx",
            "xxx"
        ],
        "materials": {
            "x": "AIR"
        },
        "craft_amount": 1
    }
}