{
    "uniqueID": "Icecream",
    "displayName": "&fIcecream",
    "description": [],
    "instantEat": false,
    "foodMaterial": "APPLE",
    "headTexture": "",
    "customModelData": 30172,
    "permission": "",
    "price": 0.0,
    "saturation": 1.6233351,
    "hunger": 1.32,
    "health": 0.0,
    "commands": [],
    "recipe": {
        "shape": [
            "xxx",
            "xxx",
            "xxx"
        ],
        "materials": {
            "x": "AIR"
        },
        "craft_amount": 1
    }
}