{
    "uniqueID": "Chewing_gum",
    "displayName": "&fChewing gum",
    "description": [],
    "instantEat": false,
    "foodMaterial": "APPLE",
    "headTexture": "",
    "customModelData": 30073,
    "permission": "",
    "price": 0.0,
    "saturation": 1.8363161,
    "hunger": 1.38,
    "health": 0.0,
    "commands": [],
    "recipe": {
        "shape": [
            "xxx",
            "xxx",
            "xxx"
        ],
        "materials": {
            "x": "AIR"
        },
        "craft_amount": 1
    }
}