{
    "uniqueID": "Pink_Chewing_gum",
    "displayName": "&fPink Chewing gum",
    "description": [],
    "instantEat": false,
    "foodMaterial": "APPLE",
    "headTexture": "",
    "customModelData": 30257,
    "permission": "",
    "price": 0.0,
    "saturation": 1.6009847,
    "hunger": 1.34,
    "health": 0.0,
    "commands": [],
    "recipe": {
        "shape": [
            "xxx",
            "xxx",
            "xxx"
        ],
        "materials": {
            "x": "AIR"
        },
        "craft_amount": 1
    }
}