{
    "uniqueID": "Default_icecream",
    "displayName": "&fDefault icecream",
    "description": [],
    "instantEat": false,
    "foodMaterial": "APPLE",
    "headTexture": "",
    "customModelData": 30117,
    "permission": "",
    "price": 0.0,
    "saturation": 2.3051434,
    "hunger": 1.995,
    "health": 0.0,
    "commands": [],
    "recipe": {
        "shape": [
            "xxx",
            "xxx",
            "xxx"
        ],
        "materials": {
            "x": "AIR"
        },
        "craft_amount": 1
    }
}