{
    "uniqueID": "Sweet2",
    "displayName": "&fSweet2",
    "description": [],
    "instantEat": false,
    "foodMaterial": "APPLE",
    "headTexture": "",
    "customModelData": 30336,
    "permission": "",
    "price": 0.0,
    "saturation": 1.1854259,
    "hunger": 0.98,
    "health": 0.0,
    "commands": [],
    "recipe": {
        "shape": [
            "xxx",
            "xxx",
            "xxx"
        ],
        "materials": {
            "x": "AIR"
        },
        "craft_amount": 1
    }
}