{
    "uniqueID": "Ice_cream_with_cream_and_stawberry",
    "displayName": "&fIce cream with cream and stawberry",
    "description": [],
    "instantEat": false,
    "foodMaterial": "APPLE",
    "headTexture": "",
    "customModelData": 30174,
    "permission": "",
    "price": 0.0,
    "saturation": 2.473963,
    "hunger": 2.16,
    "health": 0.0,
    "commands": [],
    "recipe": {
        "shape": [
            "xxx",
            "xxx",
            "xxx"
        ],
        "materials": {
            "x": "AIR"
        },
        "craft_amount": 1
    }
}