{
    "uniqueID": "eggplant",
    "displayName": "&feggplant",
    "description": [],
    "instantEat": false,
    "foodMaterial": "APPLE",
    "headTexture": "",
    "customModelData": 30126,
    "permission": "",
    "price": 0.0,
    "saturation": 1.5825814,
    "hunger": 1.25,
    "health": 0.0,
    "commands": [],
    "recipe": {
        "shape": [
            "xxx",
            "xxx",
            "xxx"
        ],
        "materials": {
            "x": "AIR"
        },
        "craft_amount": 1
    }
}