{
    "uniqueID": "Peach_cousin",
    "displayName": "&fPeach cousin",
    "description": [],
    "instantEat": false,
    "foodMaterial": "APPLE",
    "headTexture": "",
    "customModelData": 30239,
    "permission": "",
    "price": 0.0,
    "saturation": 0.10864819,
    "hunger": 0.115,
    "health": 0.0,
    "commands": [],
    "recipe": {
        "shape": [
            "xxx",
            "xxx",
            "xxx"
        ],
        "materials": {
            "x": "AIR"
        },
        "craft_amount": 1
    }
}