{
    "uniqueID": "Half_apple",
    "displayName": "&fHalf apple",
    "description": [],
    "instantEat": false,
    "foodMaterial": "APPLE",
    "headTexture": "",
    "customModelData": 30162,
    "permission": "",
    "price": 0.0,
    "saturation": 0.27853388,
    "hunger": 0.42,
    "health": 0.0,
    "commands": [],
    "recipe": {
        "shape": [
            "xxx",
            "xxx",
            "xxx"
        ],
        "materials": {
            "x": "AIR"
        },
        "craft_amount": 1
    }
}