{
    "uniqueID": "Cherrys",
    "displayName": "&fCherrys",
    "description": [],
    "instantEat": false,
    "foodMaterial": "APPLE",
    "headTexture": "",
    "customModelData": 30066,
    "permission": "",
    "price": 0.0,
    "saturation": 0.35782403,
    "hunger": 0.2875,
    "health": 0.0,
    "commands": [],
    "recipe": {
        "shape": [
            "xxx",
            "xxx",
            "xxx"
        ],
        "materials": {
            "x": "AIR"
        },
        "craft_amount": 1
    }
}