{
    "uniqueID": "Peach",
    "displayName": "&fPeach",
    "description": [],
    "instantEat": false,
    "foodMaterial": "APPLE",
    "headTexture": "",
    "customModelData": 30236,
    "permission": "",
    "price": 0.0,
    "saturation": 1.7679393,
    "hunger": 1.47,
    "health": 0.0,
    "commands": [],
    "recipe": {
        "shape": [
            "xxx",
            "xxx",
            "xxx"
        ],
        "materials": {
            "x": "AIR"
        },
        "craft_amount": 1
    }
}