{
    "uniqueID": "Watermelon",
    "displayName": "&fWatermelon",
    "description": [],
    "instantEat": false,
    "foodMaterial": "APPLE",
    "headTexture": "",
    "customModelData": 30360,
    "permission": "",
    "price": 0.0,
    "saturation": 2.4636984,
    "hunger": 1.89,
    "health": 0.0,
    "commands": [],
    "recipe": {
        "shape": [
            "xxx",
            "xxx",
            "xxx"
        ],
        "materials": {
            "x": "AIR"
        },
        "craft_amount": 1
    }
}