{
    "uniqueID": "Avocado",
    "displayName": "&fAvocado",
    "description": [],
    "instantEat": false,
    "foodMaterial": "APPLE",
    "headTexture": "",
    "customModelData": 30012,
    "permission": "",
    "price": 0.0,
    "saturation": 1.886296,
    "hunger": 1.72,
    "health": 0.0,
    "commands": [],
    "recipe": {
        "shape": [
            "xxx",
            "xxx",
            "xxx"
        ],
        "materials": {
            "x": "AIR"
        },
        "craft_amount": 1
    }
}