{
    "uniqueID": "Banana2",
    "displayName": "&fBanana2",
    "description": [],
    "instantEat": false,
    "foodMaterial": "APPLE",
    "headTexture": "",
    "customModelData": 30020,
    "permission": "",
    "price": 0.0,
    "saturation": 1.728424,
    "hunger": 1.51,
    "health": 0.0,
    "commands": [],
    "recipe": {
        "shape": [
            "xxx",
            "xxx",
            "xxx"
        ],
        "materials": {
            "x": "AIR"
        },
        "craft_amount": 1
    }
}