{
    "uniqueID": "Tomato3",
    "displayName": "&fTomato3",
    "description": [],
    "instantEat": false,
    "foodMaterial": "APPLE",
    "headTexture": "",
    "customModelData": 30346,
    "permission": "",
    "price": 0.0,
    "saturation": 1.4461491,
    "hunger": 1.2825,
    "health": 0.0,
    "commands": [],
    "recipe": {
        "shape": [
            "xxx",
            "xxx",
            "xxx"
        ],
        "materials": {
            "x": "AIR"
        },
        "craft_amount": 1
    }
}