{
    "uniqueID": "Red_pepper",
    "displayName": "&fRed pepper",
    "description": [],
    "instantEat": false,
    "foodMaterial": "APPLE",
    "headTexture": "",
    "customModelData": 30291,
    "permission": "",
    "price": 0.0,
    "saturation": 1.3012326,
    "hunger": 1.07,
    "health": 0.0,
    "commands": [],
    "recipe": {
        "shape": [
            "xxx",
            "xxx",
            "xxx"
        ],
        "materials": {
            "x": "AIR"
        },
        "craft_amount": 1
    }
}