{
    "uniqueID": "Pear",
    "displayName": "&fPear",
    "description": [],
    "instantEat": false,
    "foodMaterial": "APPLE",
    "headTexture": "",
    "customModelData": 30242,
    "permission": "",
    "price": 0.0,
    "saturation": 2.3397784,
    "hunger": 1.7,
    "health": 0.0,
    "commands": [],
    "recipe": {
        "shape": [
            "xxx",
            "xxx",
            "xxx"
        ],
        "materials": {
            "x": "AIR"
        },
        "craft_amount": 1
    }
}