{
    "uniqueID": "Orange",
    "displayName": "&fOrange",
    "description": [],
    "instantEat": false,
    "foodMaterial": "APPLE",
    "headTexture": "",
    "customModelData": 30230,
    "permission": "",
    "price": 0.0,
    "saturation": 2.7987132,
    "hunger": 2.04,
    "health": 0.0,
    "commands": [],
    "recipe": {
        "shape": [
            "xxx",
            "xxx",
            "xxx"
        ],
        "materials": {
            "x": "AIR"
        },
        "craft_amount": 1
    }
}