{
    "uniqueID": "Tomato",
    "displayName": "&fTomato",
    "description": [],
    "instantEat": false,
    "foodMaterial": "APPLE",
    "headTexture": "",
    "customModelData": 30345,
    "permission": "",
    "price": 0.0,
    "saturation": 2.245208,
    "hunger": 1.68,
    "health": 0.0,
    "commands": [],
    "recipe": {
        "shape": [
            "xxx",
            "xxx",
            "xxx"
        ],
        "materials": {
            "x": "AIR"
        },
        "craft_amount": 1
    }
}