{
    "uniqueID": "Green_Pepper",
    "displayName": "&fGreen Pepper",
    "description": [],
    "instantEat": false,
    "foodMaterial": "APPLE",
    "headTexture": "",
    "customModelData": 30159,
    "permission": "",
    "price": 0.0,
    "saturation": 1.5144504,
    "hunger": 1.18,
    "health": 0.0,
    "commands": [],
    "recipe": {
        "shape": [
            "xxx",
            "xxx",
            "xxx"
        ],
        "materials": {
            "x": "AIR"
        },
        "craft_amount": 1
    }
}