{
    "uniqueID": "Green_Cherry",
    "displayName": "&fGreen Cherry",
    "description": [],
    "instantEat": false,
    "foodMaterial": "APPLE",
    "headTexture": "",
    "customModelData": 30155,
    "permission": "",
    "price": 0.0,
    "saturation": 2.2115226,
    "hunger": 1.71,
    "health": 0.0,
    "commands": [],
    "recipe": {
        "shape": [
            "xxx",
            "xxx",
            "xxx"
        ],
        "materials": {
            "x": "AIR"
        },
        "craft_amount": 1
    }
}