{
    "uniqueID": "Brocoli",
    "displayName": "&fBrocoli",
    "description": [],
    "instantEat": false,
    "foodMaterial": "APPLE",
    "headTexture": "",
    "customModelData": 30036,
    "permission": "",
    "price": 0.0,
    "saturation": 1.193523,
    "hunger": 0.8575,
    "health": 0.0,
    "commands": [],
    "recipe": {
        "shape": [
            "xxx",
            "xxx",
            "xxx"
        ],
        "materials": {
            "x": "AIR"
        },
        "craft_amount": 1
    }
}