{
    "uniqueID": "Beetroot",
    "displayName": "&fBeetroot",
    "description": [],
    "instantEat": false,
    "foodMaterial": "APPLE",
    "headTexture": "",
    "customModelData": 30028,
    "permission": "",
    "price": 0.0,
    "saturation": 0.4179406,
    "hunger": 0.315,
    "health": 0.0,
    "commands": [],
    "recipe": {
        "shape": [
            "xxx",
            "xxx",
            "xxx"
        ],
        "materials": {
            "x": "AIR"
        },
        "craft_amount": 1
    }
}