{
    "uniqueID": "Green_fruits",
    "displayName": "&fGreen fruits",
    "description": [],
    "instantEat": false,
    "foodMaterial": "APPLE",
    "headTexture": "",
    "customModelData": 30156,
    "permission": "",
    "price": 0.0,
    "saturation": 0.30721667,
    "hunger": 0.29,
    "health": 0.0,
    "commands": [],
    "recipe": {
        "shape": [
            "xxx",
            "xxx",
            "xxx"
        ],
        "materials": {
            "x": "AIR"
        },
        "craft_amount": 1
    }
}