{
    "uniqueID": "Bananas",
    "displayName": "&fBananas",
    "description": [],
    "instantEat": false,
    "foodMaterial": "APPLE",
    "headTexture": "",
    "customModelData": 30021,
    "permission": "",
    "price": 0.0,
    "saturation": 2.7684762,
    "hunger": 1.955,
    "health": 0.0,
    "commands": [],
    "recipe": {
        "shape": [
            "xxx",
            "xxx",
            "xxx"
        ],
        "materials": {
            "x": "AIR"
        },
        "craft_amount": 1
    }
}