{
    "uniqueID": "Cherry_2",
    "displayName": "&fCherry 2",
    "description": [],
    "instantEat": false,
    "foodMaterial": "APPLE",
    "headTexture": "",
    "customModelData": 30067,
    "permission": "",
    "price": 0.0,
    "saturation": 0.2351897,
    "hunger": 0.27,
    "health": 0.0,
    "commands": [],
    "recipe": {
        "shape": [
            "xxx",
            "xxx",
            "xxx"
        ],
        "materials": {
            "x": "AIR"
        },
        "craft_amount": 1
    }
}