{
    "uniqueID": "Acorn",
    "displayName": "&fAcorn",
    "description": [],
    "instantEat": false,
    "foodMaterial": "APPLE",
    "headTexture": "",
    "customModelData": 30003,
    "permission": "",
    "price": 0.0,
    "saturation": 1.5092095,
    "hunger": 1.23,
    "health": 0.0,
    "commands": [],
    "recipe": {
        "shape": [
            "xxx",
            "xxx",
            "xxx"
        ],
        "materials": {
            "x": "AIR"
        },
        "craft_amount": 1
    }
}