{
    "uniqueID": "Default_Watermelon",
    "displayName": "&fDefault Watermelon",
    "description": [],
    "instantEat": false,
    "foodMaterial": "APPLE",
    "headTexture": "",
    "customModelData": 30121,
    "permission": "",
    "price": 0.0,
    "saturation": 1.720022,
    "hunger": 1.42,
    "health": 0.0,
    "commands": [],
    "recipe": {
        "shape": [
            "xxx",
            "xxx",
            "xxx"
        ],
        "materials": {
            "x": "AIR"
        },
        "craft_amount": 1
    }
}