{
    "uniqueID": "Fungus",
    "displayName": "&fFungus",
    "description": [],
    "instantEat": false,
    "foodMaterial": "APPLE",
    "headTexture": "",
    "customModelData": 30146,
    "permission": "",
    "price": 0.0,
    "saturation": 0.11389515,
    "hunger": 0.1125,
    "health": 0.0,
    "commands": [],
    "recipe": {
        "shape": [
            "xxx",
            "xxx",
            "xxx"
        ],
        "materials": {
            "x": "AIR"
        },
        "craft_amount": 1
    }
}