{
    "uniqueID": "chives",
    "displayName": "&fchives",
    "description": [],
    "instantEat": false,
    "foodMaterial": "APPLE",
    "headTexture": "",
    "customModelData": 30082,
    "permission": "",
    "price": 0.0,
    "saturation": 1.9320984,
    "hunger": 1.53,
    "health": 0.0,
    "commands": [],
    "recipe": {
        "shape": [
            "xxx",
            "xxx",
            "xxx"
        ],
        "materials": {
            "x": "AIR"
        },
        "craft_amount": 1
    }
}