{
    "uniqueID": "Banana",
    "displayName": "&fBanana",
    "description": [],
    "instantEat": false,
    "foodMaterial": "APPLE",
    "headTexture": "",
    "customModelData": 30019,
    "permission": "",
    "price": 0.0,
    "saturation": 1.1067541,
    "hunger": 1.02,
    "health": 0.0,
    "commands": [],
    "recipe": {
        "shape": [
            "xxx",
            "xxx",
            "xxx"
        ],
        "materials": {
            "x": "AIR"
        },
        "craft_amount": 1
    }
}