{
    "uniqueID": "Turnip",
    "displayName": "&fTurnip",
    "description": [],
    "instantEat": false,
    "foodMaterial": "APPLE",
    "headTexture": "",
    "customModelData": 30352,
    "permission": "",
    "price": 0.0,
    "saturation": 1.0704364,
    "hunger": 1.28,
    "health": 0.0,
    "commands": [],
    "recipe": {
        "shape": [
            "xxx",
            "xxx",
            "xxx"
        ],
        "materials": {
            "x": "AIR"
        },
        "craft_amount": 1
    }
}