{
    "uniqueID": "Premium_pepper",
    "displayName": "&fPremium pepper",
    "description": [],
    "instantEat": false,
    "foodMaterial": "APPLE",
    "headTexture": "",
    "customModelData": 30275,
    "permission": "",
    "price": 0.0,
    "saturation": 0.19463134,
    "hunger": 0.1725,
    "health": 0.0,
    "commands": [],
    "recipe": {
        "shape": [
            "xxx",
            "xxx",
            "xxx"
        ],
        "materials": {
            "x": "AIR"
        },
        "craft_amount": 1
    }
}