{
    "uniqueID": "Garlic",
    "displayName": "&fGarlic",
    "description": [],
    "instantEat": false,
    "foodMaterial": "APPLE",
    "headTexture": "",
    "customModelData": 30148,
    "permission": "",
    "price": 0.0,
    "saturation": 1.3893584,
    "hunger": 1.73,
    "health": 0.0,
    "commands": [],
    "recipe": {
        "shape": [
            "xxx",
            "xxx",
            "xxx"
        ],
        "materials": {
            "x": "AIR"
        },
        "craft_amount": 1
    }
}