{
    "uniqueID": "Nut",
    "displayName": "&fNut",
    "description": [],
    "instantEat": false,
    "foodMaterial": "APPLE",
    "headTexture": "",
    "customModelData": 30223,
    "permission": "",
    "price": 0.0,
    "saturation": 0.021327449,
    "hunger": 0.0425,
    "health": 0.0,
    "commands": [],
    "recipe": {
        "shape": [
            "xxx",
            "xxx",
            "xxx"
        ],
        "materials": {
            "x": "AIR"
        },
        "craft_amount": 1
    }
}