{
    "uniqueID": "Berry",
    "displayName": "&fBerry",
    "description": [],
    "instantEat": false,
    "foodMaterial": "APPLE",
    "headTexture": "",
    "customModelData": 30031,
    "permission": "",
    "price": 0.0,
    "saturation": 2.068992,
    "hunger": 1.64,
    "health": 0.0,
    "commands": [],
    "recipe": {
        "shape": [
            "xxx",
            "xxx",
            "xxx"
        ],
        "materials": {
            "x": "AIR"
        },
        "craft_amount": 1
    }
}