{
    "uniqueID": "Default_Tomato",
    "displayName": "&fDefault Tomato",
    "description": [],
    "instantEat": false,
    "foodMaterial": "APPLE",
    "headTexture": "",
    "customModelData": 30120,
    "permission": "",
    "price": 0.0,
    "saturation": 1.957203,
    "hunger": 1.5,
    "health": 0.0,
    "commands": [],
    "recipe": {
        "shape": [
            "xxx",
            "xxx",
            "xxx"
        ],
        "materials": {
            "x": "AIR"
        },
        "craft_amount": 1
    }
}